,Id,MSSubClass,MSZoning,LotFrontage,LotArea,Street,Alley,LotShape,LandContour,Utilities,LotConfig,LandSlope,Neighborhood,Condition1,Condition2,BldgType,HouseStyle,OverallQual,OverallCond,YearBuilt,YearRemodAdd,RoofStyle,RoofMatl,Exterior1st,Exterior2nd,MasVnrType,MasVnrArea,ExterQual,ExterCond,Foundation,BsmtQual,BsmtCond,BsmtExposure,BsmtFinType1,BsmtFinSF1,BsmtFinType2,BsmtFinSF2,BsmtUnfSF,TotalBsmtSF,Heating,HeatingQC,CentralAir,Electrical,1stFlrSF,2ndFlrSF,LowQualFinSF,GrLivArea,BsmtFullBath,BsmtHalfBath,FullBath,HalfBath,BedroomAbvGr,KitchenAbvGr,KitchenQual,TotRmsAbvGrd,Functional,Fireplaces,FireplaceQu,GarageType,GarageYrBlt,GarageFinish,GarageCars,GarageArea,GarageQual,GarageCond,PavedDrive,WoodDeckSF,OpenPorchSF,EnclosedPorch,3SsnPorch,ScreenPorch,PoolArea,PoolQC,Fence,MiscFeature,MiscVal,MoSold,YrSold,SaleType,SaleCondition,SalePrice
8,9,1-1/2 STORY FIN,RM,51.0,6120,Pave,,0,Lvl,3,Inside,0,OldTown,Artery,Norm,1Fam,1.5Fin,7,5,1931,1950,Gable,CompShg,BrkFace,WdShing,None,0.0,3,3,BrkTil,3,3,0,1,0,1,0,952,952,GasA,4,1,3,1022,752,0,1774,0,0,2,0,2,2,3,8,1,2,3,Detchd,1931.0,1,2,468,2,3,2,90,0,205,0,0,0,0,0,,0,Apr,2008,WD,Abnorml,129900
15,16,1-1/2 STORY UNF,RM,51.0,6120,Pave,,0,Lvl,3,Corner,0,BrkSide,Norm,Norm,1Fam,1.5Unf,7,8,1929,2001,Gable,CompShg,Wd Sdng,Wd Sdng,None,0.0,3,3,BrkTil,3,3,0,1,0,1,0,832,832,GasA,5,1,4,854,0,0,854,0,0,1,0,2,1,3,5,0,0,0,Detchd,1991.0,1,2,576,3,3,2,48,112,0,0,0,0,0,4,,0,July,2007,WD,Normal,132000
21,22,1-1/2 STORY UNF,RM,57.0,7449,Pave,Grvl,0,Bnk,3,Inside,0,IDOTRR,Norm,Norm,1Fam,1.5Unf,7,7,1930,1950,Gable,CompShg,Wd Sdng,Wd Sdng,None,0.0,3,3,PConc,3,3,0,1,0,1,0,637,637,GasA,5,1,3,1108,0,0,1108,0,0,1,0,3,1,4,6,0,1,4,Attchd,1930.0,1,1,280,3,3,0,0,0,205,0,0,0,0,4,,0,June,2007,WD,Normal,139400
23,24,1-STORY PUD 1946+,RM,44.0,4224,Pave,,0,Lvl,3,Inside,0,MeadowV,Norm,Norm,TwnhsE,1Story,5,7,1976,1976,Gable,CompShg,CemntBd,CmentBd,None,0.0,3,3,PConc,4,3,0,6,840,1,0,200,1040,GasA,3,1,5,1060,0,0,1060,1,0,1,0,3,1,3,6,0,1,3,Attchd,1976.0,1,2,572,3,3,2,100,110,0,0,0,0,0,0,,0,June,2007,WD,Normal,129900
29,30,1-STORY 1945-,RM,60.0,6324,Pave,,1,Lvl,3,Inside,0,BrkSide,Feedr,RRNn,1Fam,1Story,4,6,1927,1950,Gable,CompShg,MetalSd,MetalSd,None,0.0,3,3,BrkTil,3,3,0,1,0,1,0,520,520,GasA,2,0,5,520,0,0,520,0,0,1,0,1,1,2,4,0,0,0,Detchd,1920.0,1,1,240,2,3,2,49,0,87,0,0,0,0,0,,0,May,2008,WD,Normal,68500
48,49,2 FAMILY CONVERSION,RM,33.0,4456,Pave,,0,Lvl,3,Inside,0,OldTown,Norm,Norm,2fmCon,2Story,4,5,1920,2008,Gable,CompShg,MetalSd,MetalSd,None,0.0,3,3,BrkTil,3,3,0,1,0,1,0,736,736,GasA,4,1,5,736,716,0,1452,0,0,2,0,2,3,3,8,0,0,0,,1920.0,0,0,0,0,0,0,0,0,102,0,0,0,0,0,,0,June,2009,New,Partial,113000
51,52,1-1/2 STORY FIN,RM,52.0,6240,Pave,,0,Lvl,3,Inside,0,BrkSide,Norm,Norm,1Fam,1.5Fin,6,6,1934,1950,Gable,CompShg,Wd Sdng,Wd Sdng,None,0.0,3,3,PConc,3,3,0,1,0,1,0,816,816,GasA,3,1,5,816,0,360,1176,0,0,1,0,3,1,3,6,0,1,4,Detchd,1985.0,1,2,528,3,3,2,112,0,0,0,0,0,0,3,Shed,400,Sept,2006,WD,Normal,114500
52,53,DUPLEX,RM,110.0,8472,Grvl,,2,Bnk,3,Corner,1,IDOTRR,RRNn,Norm,Duplex,1Story,5,5,1963,1963,Gable,CompShg,Wd Sdng,Wd Sdng,None,0.0,2,3,CBlock,4,3,3,2,104,6,712,0,816,GasA,3,0,5,816,0,0,816,1,0,1,0,2,1,3,5,0,0,0,CarPort,1963.0,1,2,516,3,3,2,106,0,0,0,0,0,0,0,,0,May,2010,WD,Normal,110000
61,62,2-1/2 STORY,RM,60.0,7200,Pave,,0,Lvl,3,Inside,0,IDOTRR,Norm,Norm,1Fam,2.5Unf,5,7,1920,1996,Gable,CompShg,MetalSd,MetalSd,None,0.0,3,3,BrkTil,3,2,0,1,0,1,0,530,530,GasA,3,0,5,581,530,0,1111,0,0,1,0,3,1,2,6,0,0,0,Detchd,1935.0,1,1,288,3,3,0,0,0,144,0,0,0,0,0,,0,Mar,2007,WD,Normal,101000
63,64,2-STORY 1945-,RM,50.0,10300,Pave,,1,Bnk,3,Inside,0,OldTown,RRAn,Feedr,1Fam,2Story,7,6,1921,1950,Gable,CompShg,Stucco,Stucco,None,0.0,3,3,BrkTil,3,3,0,1,0,1,0,576,576,GasA,4,1,5,902,808,0,1710,0,0,2,0,3,1,3,9,0,0,0,Detchd,1990.0,1,2,480,3,3,2,12,11,64,0,0,0,0,4,,0,Apr,2010,WD,Normal,140000
68,69,1-STORY 1945-,RM,47.0,4608,Pave,,0,Lvl,3,Corner,0,OldTown,Artery,Norm,1Fam,1Story,4,6,1945,1950,Gable,CompShg,MetalSd,MetalSd,None,0.0,3,4,CBlock,3,3,0,1,0,1,0,747,747,GasA,3,1,5,747,0,0,747,0,0,1,0,2,1,3,4,0,0,0,Attchd,1945.0,1,1,220,3,3,2,0,0,0,0,0,0,0,0,,0,June,2010,WD,Normal,80000
74,75,1-1/2 STORY FIN,RM,60.0,5790,Pave,,0,Lvl,3,Corner,0,OldTown,Norm,Norm,1Fam,2Story,3,6,1915,1950,Gambrel,CompShg,VinylSd,VinylSd,None,0.0,4,4,CBlock,2,3,0,1,0,1,0,840,840,GasA,4,0,5,840,765,0,1605,0,0,2,0,3,2,3,8,0,0,0,Detchd,1915.0,1,1,379,3,3,2,0,0,202,0,0,0,0,0,,0,May,2010,WD,Normal,107400
75,76,MULTILEVEL PUD,RM,21.0,1596,Pave,,0,Lvl,3,Inside,0,MeadowV,Norm,Norm,Twnhs,SLvl,4,5,1973,1973,Gable,CompShg,CemntBd,CmentBd,None,0.0,3,3,CBlock,4,3,3,6,462,1,0,0,462,GasA,3,1,5,526,462,0,988,1,0,1,0,2,1,3,5,0,0,0,BuiltIn,1973.0,1,1,297,3,3,2,120,101,0,0,0,0,0,2,,0,Nov,2009,WD,Normal,91000
77,78,1-1/2 STORY FIN,RM,50.0,8635,Pave,,0,Lvl,3,Inside,0,BrkSide,Norm,Norm,1Fam,1.5Fin,5,5,1948,2001,Gable,CompShg,Wd Sdng,Wd Sdng,None,0.0,3,3,CBlock,3,3,0,4,336,6,41,295,672,GasA,3,1,5,1072,213,0,1285,1,0,1,0,2,1,3,6,1,0,0,Detchd,1948.0,1,1,240,3,3,2,0,0,0,0,0,0,0,3,,0,Jan,2008,WD,Normal,127000
79,80,1-1/2 STORY FIN,RM,60.0,10440,Pave,Grvl,0,Lvl,3,Corner,0,OldTown,Norm,Norm,1Fam,2Story,5,6,1910,1981,Gable,CompShg,Wd Sdng,Wd Sdng,None,0.0,3,3,PConc,3,3,0,1,0,1,0,440,440,GasA,4,1,5,682,548,0,1230,0,0,1,1,2,1,3,5,0,0,0,Detchd,1966.0,1,2,440,3,3,2,74,0,128,0,0,0,0,3,,0,May,2009,WD,Normal,110000
81,82,1-STORY PUD 1946+,RM,32.0,4500,Pave,,0,Lvl,3,FR2,0,Mitchel,Norm,Norm,TwnhsE,1Story,6,5,1998,1998,Hip,CompShg,VinylSd,VinylSd,BrkFace,443.0,3,4,PConc,5,4,0,6,1201,1,0,36,1237,GasA,5,1,5,1337,0,0,1337,1,0,2,0,2,1,3,5,0,0,0,Attchd,1998.0,3,2,405,3,3,2,0,199,0,0,0,0,0,0,,0,Mar,2006,WD,Normal,153500
104,105,1-1/2 STORY FIN,RM,,7758,Pave,,0,Lvl,3,Corner,0,IDOTRR,Norm,Norm,1Fam,1.5Fin,7,4,1931,1950,Gable,CompShg,Stucco,Stucco,BrkFace,600.0,3,2,PConc,3,3,0,2,224,1,0,816,1040,GasA,5,1,3,1226,592,0,1818,0,0,1,1,4,1,3,7,0,2,3,Detchd,1951.0,1,1,240,3,3,2,0,0,0,0,184,0,0,0,,0,June,2007,WD,Normal,169500
106,107,1-STORY 1945-,RM,60.0,10800,Pave,Grvl,0,Lvl,3,Inside,0,OldTown,Norm,Norm,1Fam,1Story,4,7,1885,1995,Mansard,CompShg,VinylSd,VinylSd,None,0.0,3,3,BrkTil,2,3,0,1,0,1,0,641,641,GasA,4,1,5,1047,0,0,1047,0,0,1,0,2,1,3,6,0,0,0,Detchd,1954.0,1,1,273,2,2,0,0,0,0,0,0,0,0,0,Shed,450,Aug,2007,WD,Normal,100000
107,108,1-STORY 1946+,RM,50.0,6000,Pave,,0,Lvl,3,Inside,0,OldTown,Norm,Norm,1Fam,1Story,5,5,1948,1950,Gable,CompShg,VinylSd,VinylSd,None,0.0,3,3,CBlock,3,3,0,5,104,4,169,516,789,GasA,5,1,5,789,0,0,789,0,0,1,0,2,1,3,5,0,0,0,Detchd,1948.0,1,1,250,3,3,2,0,0,0,0,0,0,0,0,,0,Apr,2008,WD,Partial,115000
108,109,1-1/2 STORY FIN,RM,85.0,8500,Pave,,0,Lvl,3,Corner,0,IDOTRR,Artery,Norm,1Fam,1.5Fin,5,7,1919,2005,Gable,CompShg,CemntBd,CmentBd,None,0.0,3,3,CBlock,3,3,0,1,0,1,0,793,793,GasW,3,0,3,997,520,0,1517,0,0,2,0,3,1,2,7,0,0,0,,1919.0,0,0,0,0,0,0,0,0,144,0,0,0,0,0,,0,Aug,2007,WD,Normal,115000
121,122,1-1/2 STORY FIN,RM,50.0,6060,Pave,,0,Lvl,3,Inside,0,IDOTRR,Norm,Norm,1Fam,1.5Fin,4,5,1939,1950,Gable,CompShg,AsbShng,AsbShng,None,0.0,3,3,PConc,3,3,0,1,0,1,0,732,732,GasA,4,1,5,772,351,0,1123,0,0,1,0,3,1,3,4,0,0,0,Detchd,1979.0,1,1,264,3,3,1,0,0,140,0,0,0,0,3,,0,June,2007,WD,Normal,100000
125,126,2 FAMILY CONVERSION,RM,60.0,6780,Pave,,0,Lvl,3,Inside,0,IDOTRR,Norm,Norm,2fmCon,1.5Fin,6,8,1935,1982,Gable,CompShg,Wd Sdng,Wd Sdng,None,0.0,3,2,CBlock,3,3,2,6,490,1,0,30,520,GasA,4,0,5,520,0,234,754,1,0,1,0,2,1,3,5,0,0,0,,1935.0,0,0,0,0,0,0,53,0,0,0,0,0,0,0,,0,June,2006,WD,Normal,84500
127,128,1-1/2 STORY UNF,RM,55.0,4388,Pave,,1,Bnk,3,Inside,0,OldTown,Feedr,Norm,1Fam,1.5Unf,5,7,1930,1950,Gable,CompShg,WdShing,Wd Sdng,None,0.0,3,4,BrkTil,3,3,0,2,116,1,0,556,672,GasA,5,1,5,840,0,0,840,0,0,1,0,3,1,3,5,0,1,3,,1930.0,0,0,0,0,0,0,0,0,0,0,0,0,0,0,,0,June,2007,WD,Normal,87000
144,145,DUPLEX,RM,70.0,9100,Pave,,0,Lvl,3,Inside,0,Sawyer,RRAe,Norm,Duplex,1Story,5,5,1963,1963,Gable,CompShg,HdBoard,HdBoard,BrkFace,336.0,3,3,CBlock,3,3,0,3,1332,1,0,396,1728,GasA,3,1,5,1728,0,0,1728,1,0,2,0,6,2,3,10,0,0,0,Detchd,1963.0,1,2,504,3,3,2,0,0,0,0,0,0,0,0,,0,Nov,2006,ConLI,Abnorml,125000
145,146,2-STORY PUD 1946+,RM,24.0,2522,Pave,,0,Lvl,3,Inside,0,Edwards,Norm,Norm,Twnhs,2Story,6,5,2004,2006,Gable,CompShg,VinylSd,VinylSd,Stone,50.0,4,3,PConc,4,3,0,1,0,1,0,970,970,GasA,5,1,5,970,739,0,1709,0,0,2,0,3,1,4,7,5,0,0,Detchd,2004.0,1,2,380,3,3,2,0,40,0,0,0,0,0,0,,0,Apr,2006,WD,Normal,130000
146,147,1-STORY 1945-,RM,51.0,6120,Pave,,0,Lvl,3,Corner,0,BrkSide,Norm,Norm,1Fam,1Story,5,7,1931,1993,Gable,CompShg,Wd Sdng,Wd Sdng,None,0.0,3,3,BrkTil,3,3,0,4,209,1,0,506,715,GasA,3,1,4,875,0,0,875,1,0,1,0,2,1,3,5,0,0,0,Detchd,1931.0,1,1,180,2,3,2,48,0,0,0,0,0,0,0,,0,Nov,2009,WD,Normal,105000
149,150,1-1/2 STORY FIN,RM,,6240,Pave,,0,Lvl,3,Inside,0,BrkSide,Norm,Norm,1Fam,1.5Fin,5,4,1936,1950,Gable,CompShg,MetalSd,MetalSd,None,0.0,3,3,BrkTil,4,3,0,1,0,1,0,896,896,GasA,4,1,4,896,448,0,1344,0,0,1,0,3,1,3,7,0,0,0,Detchd,1936.0,1,1,240,2,3,2,200,114,0,0,0,0,0,0,,0,Apr,2006,WD,Normal,115000
154,155,1-STORY 1945-,RM,84.0,11340,Pave,,0,Lvl,3,Corner,0,OldTown,Norm,Norm,1Fam,1Story,6,5,1923,1950,Gable,CompShg,Wd Sdng,Wd Sdng,None,0.0,3,3,BrkTil,3,3,0,1,0,1,0,1200,1200,GasA,3,1,4,1200,0,0,1200,0,0,1,0,4,1,3,7,0,0,0,Detchd,1923.0,1,1,312,2,2,2,0,0,228,0,0,0,0,0,,0,Mar,2006,WD,Family,125000
164,165,1-STORY W/ ATTIC,RM,40.0,5400,Pave,Pave,0,Lvl,3,Corner,0,OldTown,Norm,Norm,1Fam,1Story,6,7,1926,2004,Gable,CompShg,MetalSd,MetalSd,None,0.0,3,4,BrkTil,3,3,1,2,370,1,0,779,1149,GasA,4,1,4,1149,467,0,1616,0,0,2,0,3,1,4,5,0,0,0,Detchd,1926.0,1,1,216,3,3,2,0,0,183,0,0,0,0,0,,0,Oct,2007,WD,Normal,152000
170,171,1-1/2 STORY FIN,RM,,12358,Pave,,1,Lvl,3,Inside,0,OldTown,Feedr,Norm,1Fam,1.5Fin,5,6,1941,1950,Gable,CompShg,MetalSd,MetalSd,None,0.0,3,3,CBlock,3,3,0,3,360,1,0,360,720,GasA,3,1,5,854,0,528,1382,0,0,1,1,2,1,3,7,0,0,0,Detchd,1991.0,1,2,660,3,3,2,237,0,0,0,0,0,0,0,,0,May,2007,WD,Normal,128500
179,180,1-STORY 1945-,RM,60.0,8520,Pave,,0,Lvl,3,Inside,0,OldTown,Norm,Norm,1Fam,1Story,5,6,1923,2006,Gable,CompShg,Wd Sdng,Wd Sdng,None,0.0,4,3,CBlock,3,3,0,1,0,1,0,968,968,GasA,3,1,5,968,0,0,968,0,0,1,0,2,1,3,5,0,0,0,Detchd,1935.0,1,2,480,2,3,0,0,0,184,0,0,0,0,0,,0,July,2007,WD,Normal,100000
183,184,1-1/2 STORY FIN,RM,63.0,11426,Pave,,0,Lvl,3,Inside,0,OldTown,Norm,Norm,1Fam,1.5Fin,7,5,2003,2003,Gable,CompShg,VinylSd,VinylSd,None,0.0,3,3,PConc,4,3,0,1,0,1,0,1362,1362,GasA,5,1,5,1362,720,0,2082,0,0,2,1,3,1,4,6,3,0,0,Detchd,2003.0,1,2,484,3,3,0,280,238,0,0,0,0,0,0,,0,June,2008,WD,Normal,200000
185,186,2-1/2 STORY,RM,90.0,22950,Pave,,2,Lvl,3,Inside,0,OldTown,Artery,Norm,1Fam,2.5Fin,10,9,1892,1993,Gable,WdShngl,Wd Sdng,Wd Sdng,None,0.0,4,4,BrkTil,3,3,1,1,0,1,0,1107,1107,GasA,5,1,5,1518,1518,572,3608,0,0,2,1,4,1,5,12,0,2,3,Detchd,1993.0,1,3,840,5,3,2,0,260,0,0,410,0,0,4,,0,June,2006,WD,Normal,475000
193,194,2-STORY PUD 1946+,RM,24.0,2522,Pave,,0,Lvl,3,Inside,0,Edwards,Norm,Norm,Twnhs,2Story,7,5,2004,2004,Gable,CompShg,VinylSd,VinylSd,Stone,50.0,4,3,PConc,4,3,0,1,0,1,0,970,970,GasA,5,1,5,970,739,0,1709,0,0,2,0,3,1,4,7,5,0,0,Detchd,2004.0,1,2,380,3,3,2,0,40,0,0,0,0,0,0,,0,May,2006,WD,Normal,130000
198,199,2-1/2 STORY,RM,92.0,5520,Pave,,0,Lvl,3,Corner,0,OldTown,Norm,Norm,1Fam,2.5Fin,6,6,1912,1950,Gable,CompShg,Wd Sdng,Wd Sdng,None,0.0,3,3,CBlock,3,3,0,1,0,1,0,755,755,GasA,5,1,5,929,929,371,2229,0,0,1,0,5,1,3,8,0,0,0,,1912.0,0,0,0,0,0,2,0,198,30,0,0,0,0,3,,0,July,2009,WD,Abnorml,104000
200,201,1-STORY 1946+,RM,80.0,8546,Pave,,0,Lvl,3,Corner,0,Edwards,Norm,Norm,1Fam,1Story,4,5,2003,2004,Gable,CompShg,VinylSd,VinylSd,None,0.0,3,3,PConc,4,3,0,1,0,1,0,1121,1121,GasA,5,1,5,1121,0,0,1121,0,0,2,0,2,1,3,5,0,0,0,Attchd,2003.0,2,2,440,3,3,2,132,64,0,0,0,0,0,0,,0,Mar,2010,WD,Normal,140000
203,204,1-STORY PUD 1946+,RM,,4438,Pave,,0,Lvl,3,Inside,0,CollgCr,Norm,Norm,TwnhsE,1Story,6,5,2004,2004,Gable,CompShg,VinylSd,VinylSd,BrkFace,205.0,4,3,PConc,4,3,2,6,662,1,0,186,848,GasA,5,1,5,848,0,0,848,1,0,1,0,1,1,4,3,0,1,4,Attchd,2004.0,2,2,420,3,3,2,149,0,0,0,0,0,0,0,,0,Jan,2008,WD,Normal,149000
204,205,1-1/2 STORY FIN,RM,50.0,3500,Pave,Grvl,0,Lvl,3,Inside,0,OldTown,Norm,Norm,1Fam,1.5Fin,5,7,1947,1950,Gable,CompShg,AsbShng,AsbShng,None,0.0,3,3,CBlock,3,3,0,2,312,1,0,408,720,GasA,3,1,5,720,564,0,1284,0,0,1,1,2,1,3,5,0,0,0,Detchd,1948.0,1,1,240,3,3,2,0,35,0,0,0,0,0,1,,0,Apr,2009,WD,Normal,110000
217,218,2-STORY 1945-,RM,57.0,9906,Pave,Grvl,0,Lvl,3,Inside,0,OldTown,Norm,Norm,1Fam,2Story,4,4,1925,1950,Gable,CompShg,MetalSd,MetalSd,None,0.0,3,3,CBlock,3,3,0,1,0,1,0,686,686,GasA,2,0,5,810,518,0,1328,0,0,1,0,3,1,3,8,0,0,0,Detchd,1940.0,1,1,210,3,3,2,0,172,60,0,0,0,0,0,,0,Sept,2006,WD,Family,107000
225,226,2-STORY PUD 1946+,RM,21.0,1680,Pave,,0,Lvl,3,Inside,0,BrDale,Norm,Norm,Twnhs,2Story,5,5,1971,1971,Gable,CompShg,HdBoard,HdBoard,BrkFace,142.0,3,3,CBlock,3,3,0,1,0,1,0,630,630,GasA,3,1,5,630,672,0,1302,0,0,2,1,3,1,3,6,0,0,0,Detchd,1991.0,1,1,280,3,3,2,0,0,0,0,0,0,0,0,,0,May,2009,COD,Abnorml,112000
227,228,2-STORY PUD 1946+,RM,21.0,1869,Pave,,0,Lvl,3,Inside,0,BrDale,Norm,Norm,Twnhs,2Story,6,6,1970,1970,Gable,CompShg,HdBoard,HdBoard,BrkFace,127.0,3,3,CBlock,3,3,0,3,321,1,0,162,483,GasA,3,1,5,483,504,0,987,0,0,1,1,2,1,3,5,0,0,0,Detchd,1987.0,1,1,280,3,3,2,0,0,0,0,0,0,0,0,,0,Sept,2008,WD,Normal,106000
232,233,2-STORY PUD 1946+,RM,21.0,1680,Pave,,0,Lvl,3,Inside,0,BrDale,Norm,Norm,Twnhs,2Story,6,5,1972,1972,Gable,CompShg,HdBoard,HdBoard,BrkFace,297.0,3,3,CBlock,3,3,0,1,0,1,0,483,483,GasA,3,1,5,483,504,0,987,0,0,1,1,2,1,3,5,0,1,1,Attchd,1972.0,1,1,288,3,3,2,0,0,0,0,0,0,0,0,,0,June,2006,WD,Normal,94500
235,236,2-STORY PUD 1946+,RM,21.0,1680,Pave,,0,Lvl,3,Inside,0,BrDale,Norm,Norm,TwnhsE,2Story,6,3,1971,1971,Gable,CompShg,HdBoard,HdBoard,BrkFace,604.0,3,3,CBlock,3,3,0,5,358,1,0,125,483,GasA,3,1,5,483,504,0,987,0,0,1,1,2,1,3,5,0,0,0,Detchd,1971.0,1,1,264,3,3,2,0,0,0,0,0,0,0,0,,0,Aug,2008,WD,Normal,89500
241,242,1-STORY 1945-,RM,40.0,3880,Pave,,0,Lvl,3,Inside,0,OldTown,Norm,Norm,1Fam,1Story,5,9,1945,1997,Gable,CompShg,VinylSd,VinylSd,None,0.0,3,4,CBlock,3,3,0,5,329,1,0,357,686,GasA,4,1,5,866,0,0,866,0,0,1,0,2,1,4,4,0,0,0,,1945.0,0,0,0,0,0,2,58,42,0,0,0,0,0,0,,0,Aug,2007,WD,Normal,110500
242,243,1-1/2 STORY FIN,RM,63.0,5000,Pave,,0,Lvl,3,Corner,0,OldTown,Norm,Norm,1Fam,1.5Fin,5,4,1900,1950,Gable,CompShg,Wd Sdng,Wd Sdng,None,0.0,3,3,BrkTil,3,3,0,1,0,1,0,540,540,GasA,4,0,4,889,551,0,1440,0,0,1,0,3,1,3,6,0,0,0,Attchd,1940.0,1,1,352,2,3,2,0,0,77,0,0,0,0,0,,0,Apr,2006,WD,Normal,79000
246,247,2 FAMILY CONVERSION,RM,69.0,9142,Pave,Grvl,0,Lvl,3,Inside,0,OldTown,Norm,Norm,2fmCon,2Story,6,8,1910,1950,Gable,CompShg,AsbShng,AsbShng,None,0.0,3,2,Stone,2,3,0,1,0,1,0,1020,1020,GasA,4,0,2,908,1020,0,1928,0,0,2,0,4,2,2,9,0,0,0,Detchd,1910.0,1,1,440,1,1,2,0,60,112,0,0,0,0,0,,0,Apr,2006,WD,Normal,137000
251,252,1-STORY PUD 1946+,RM,44.0,4750,Pave,,1,HLS,3,Inside,1,Crawfor,Norm,Norm,TwnhsE,1Story,8,5,2006,2007,Hip,CompShg,VinylSd,VinylSd,Stone,481.0,4,3,PConc,4,3,3,6,1573,1,0,0,1573,GasA,5,1,5,1625,0,0,1625,1,1,2,0,2,1,4,5,0,1,4,Attchd,2006.0,3,2,538,3,3,2,123,0,0,0,153,0,0,0,,0,Dec,2007,WD,Family,235000
259,260,1-STORY 1946+,RM,70.0,12702,Pave,,0,Lvl,3,Inside,0,OldTown,Norm,Norm,1Fam,1Story,5,5,1956,1956,Gable,CompShg,BrkFace,BrkFace,None,0.0,3,3,PConc,0,0,0,0,0,0,0,0,0,GasA,4,1,4,882,0,0,882,0,0,1,0,2,1,3,4,0,0,0,Detchd,1956.0,1,1,308,3,3,2,0,45,0,0,0,0,0,0,,0,Dec,2008,WD,Normal,97000
263,264,1-1/2 STORY FIN,RM,50.0,5500,Pave,,0,Lvl,3,Corner,0,OldTown,Norm,Norm,1Fam,1.5Fin,5,7,1929,2001,Gable,CompShg,Wd Sdng,Wd Sdng,None,0.0,3,3,BrkTil,3,3,0,2,234,5,692,0,926,GasA,3,1,5,926,0,390,1316,1,0,1,0,3,1,3,6,0,0,0,Detchd,1974.0,1,2,484,3,3,2,0,0,0,0,0,0,0,0,,0,Apr,2010,WD,Normal,130000
264,265,1-STORY 1945-,RM,30.0,5232,Pave,Grvl,3,Bnk,3,Inside,0,OldTown,Artery,Norm,1Fam,1Story,5,5,1925,2004,Gable,CompShg,Wd Sdng,Wd Sdng,None,0.0,3,3,BrkTil,2,3,0,1,0,1,0,680,680,GasA,4,0,2,764,0,0,764,0,0,1,0,2,1,3,4,0,0,0,Detchd,1965.0,1,2,504,3,3,0,0,0,0,0,0,0,0,0,,0,June,2008,WD,Normal,73000
268,269,1-STORY 1945-,RM,71.0,6900,Pave,,0,Lvl,3,Inside,0,IDOTRR,Norm,Norm,1Fam,1Story,5,6,1940,1955,Gable,CompShg,VinylSd,VinylSd,None,0.0,3,3,CBlock,3,3,0,5,403,3,125,212,740,GasA,5,1,5,778,0,0,778,0,0,1,0,2,1,3,4,0,1,4,Detchd,1966.0,3,1,924,5,5,2,0,25,0,0,0,0,0,0,,0,Feb,2008,WD,Normal,120500
296,297,1-1/2 STORY FIN,RM,75.0,13710,Pave,,0,Lvl,3,Inside,0,IDOTRR,Norm,Norm,1Fam,1.5Fin,5,5,1950,1950,Gable,CompShg,Wd Sdng,Wd Sdng,None,0.0,3,3,CBlock,3,3,0,4,420,1,0,490,910,GasA,3,1,4,910,648,0,1558,0,0,1,1,4,1,3,6,0,0,0,Attchd,1950.0,1,1,282,3,3,2,289,0,0,0,0,0,0,3,,0,June,2007,WD,Normal,152000
304,305,2-1/2 STORY,RM,87.0,18386,Pave,,0,Lvl,3,Inside,0,OldTown,Norm,Norm,1Fam,2.5Fin,7,9,1880,2002,Gable,CompShg,CemntBd,CmentBd,None,0.0,3,3,BrkTil,3,3,0,1,0,1,0,1470,1470,GasA,5,1,5,1675,1818,0,3493,0,0,3,0,3,1,4,10,0,1,5,Attchd,2003.0,1,3,870,3,3,2,302,0,0,0,0,0,0,0,,0,May,2008,WD,Normal,295000
307,308,1-1/2 STORY FIN,RM,,7920,Pave,Grvl,1,Lvl,3,Inside,0,IDOTRR,Artery,Norm,1Fam,1.5Fin,6,7,1920,1950,Gable,CompShg,MetalSd,MetalSd,None,0.0,3,2,CBlock,3,3,0,1,0,1,0,319,319,GasA,3,1,4,1035,371,0,1406,0,0,1,0,3,1,2,6,0,0,0,,1920.0,0,0,0,0,0,0,0,144,0,0,0,0,0,3,,0,Mar,2008,WD,Normal,89500
312,313,2 FAMILY CONVERSION,RM,65.0,7800,Pave,,0,Lvl,3,Inside,0,OldTown,Artery,Norm,2fmCon,1.5Fin,5,7,1939,1950,Gable,CompShg,MetalSd,MetalSd,None,0.0,3,3,CBlock,4,3,1,3,507,1,0,286,793,GasA,3,1,5,793,325,0,1118,1,0,1,0,3,1,3,5,0,1,4,Detchd,1939.0,1,2,410,3,3,2,0,0,0,0,271,0,0,3,,0,May,2006,WD,Normal,119900
314,315,2-STORY 1945-,RM,60.0,9600,Pave,Grvl,0,Lvl,3,Inside,0,OldTown,Norm,Norm,1Fam,2Story,7,7,1925,1990,Gable,CompShg,Wd Sdng,Wd Sdng,None,0.0,3,3,BrkTil,3,4,0,2,16,1,0,712,728,GasA,5,1,5,832,809,0,1641,0,1,1,1,3,1,5,6,0,1,4,Detchd,1925.0,1,2,546,2,3,2,0,0,234,0,0,0,0,0,,0,Aug,2006,WD,Normal,178000
323,324,1-STORY 1946+,RM,49.0,5820,Pave,,0,Lvl,3,Inside,0,OldTown,Norm,Norm,1Fam,1Story,3,8,1955,2005,Gable,CompShg,VinylSd,VinylSd,None,0.0,3,4,CBlock,3,3,0,5,256,1,0,906,1162,GasA,5,1,5,1163,0,0,1163,1,0,1,0,3,1,3,6,0,0,0,Attchd,1955.0,1,1,220,2,3,2,142,98,0,0,0,0,0,0,,0,July,2006,WD,Normal,126175
325,326,1-1/2 STORY UNF,RM,50.0,5000,Pave,,0,Lvl,3,Inside,0,IDOTRR,RRAe,Norm,1Fam,1.5Unf,5,6,1941,1950,Gable,CompShg,MetalSd,MetalSd,None,0.0,3,3,CBlock,3,3,2,4,116,1,0,604,720,GasA,1,0,3,803,0,0,803,0,0,1,0,2,1,3,5,0,0,0,Detchd,1941.0,1,2,360,3,3,2,0,0,244,0,0,0,0,0,,0,Dec,2007,WD,Normal,87000
329,330,2-STORY 1945-,RM,60.0,6402,Pave,,0,Lvl,3,Corner,0,IDOTRR,Norm,Norm,1Fam,2Story,5,5,1920,1950,Gable,CompShg,Wd Sdng,WdShing,None,0.0,3,3,PConc,3,3,1,1,0,1,0,596,596,GasA,3,0,5,596,596,0,1192,0,0,1,0,3,1,3,6,0,0,0,Detchd,1920.0,1,1,189,2,2,0,0,0,137,0,0,0,0,2,,0,July,2009,WD,Normal,78000
333,334,1-STORY PUD 1946+,RM,59.0,8198,Pave,,0,Lvl,3,FR3,0,NridgHt,Norm,Norm,TwnhsE,1Story,7,5,2004,2004,Gable,CompShg,VinylSd,VinylSd,Stone,146.0,4,3,PConc,4,3,2,6,720,1,0,638,1358,GasA,5,1,5,1358,0,0,1358,1,0,2,0,2,1,4,6,0,1,4,Attchd,2004.0,2,2,484,3,3,2,192,30,0,0,0,0,0,0,,0,July,2008,WD,Normal,207000
344,345,2-STORY PUD 1946+,RM,36.0,2592,Pave,,0,Lvl,3,Inside,0,MeadowV,Norm,Norm,TwnhsE,2Story,5,3,1976,1976,Gable,CompShg,CemntBd,CmentBd,None,0.0,3,3,CBlock,4,3,0,3,129,4,232,175,536,GasA,3,1,5,536,576,0,1112,0,0,1,1,3,1,3,4,0,0,0,Attchd,1976.0,1,1,336,3,3,2,182,0,0,0,0,0,0,0,,0,Apr,2010,WD,Normal,85000
353,354,1-STORY 1945-,RM,60.0,8520,Pave,,0,Lvl,3,Inside,0,OldTown,Norm,Norm,1Fam,1Story,6,8,1928,2003,Gable,CompShg,VinylSd,VinylSd,None,0.0,3,4,BrkTil,3,3,0,1,0,1,0,624,624,GasA,4,1,5,720,0,0,720,0,0,1,0,2,1,3,5,0,0,0,Detchd,2005.0,1,2,484,3,3,2,106,0,0,0,0,0,0,0,,0,May,2010,WD,Normal,105900
357,358,1-STORY PUD 1946+,RM,44.0,4224,Pave,,0,Lvl,3,Inside,0,MeadowV,Norm,Norm,TwnhsE,1Story,5,5,1976,1976,Gable,CompShg,CemntBd,CmentBd,None,0.0,3,3,PConc,4,3,0,5,874,1,0,268,1142,GasA,3,1,5,1142,0,0,1142,1,0,1,1,3,1,3,6,0,1,1,Attchd,1976.0,3,2,528,3,3,2,536,90,0,0,0,0,0,3,,0,Aug,2007,WD,Normal,134000
363,364,2-STORY PUD 1946+,RM,21.0,1680,Pave,,0,Lvl,3,Inside,0,BrDale,Norm,Norm,Twnhs,2Story,6,8,1972,2007,Gable,CompShg,HdBoard,HdBoard,BrkFace,510.0,3,3,CBlock,3,3,0,5,162,1,0,321,483,GasA,4,1,5,483,504,0,987,0,0,1,1,2,1,4,5,0,0,0,Detchd,1972.0,1,1,264,3,3,2,250,0,0,0,0,0,0,0,,0,May,2009,WD,Normal,118000
365,366,2-STORY 1945-,RM,59.0,10690,Pave,,0,Lvl,3,Inside,0,IDOTRR,Norm,Norm,1Fam,2Story,5,7,1920,1997,Hip,CompShg,VinylSd,VinylSd,None,0.0,3,4,CBlock,3,2,0,3,456,1,0,216,672,GasA,4,1,4,672,672,0,1344,0,0,1,0,3,1,3,6,0,0,0,Detchd,1964.0,1,1,468,3,2,2,0,128,218,0,0,0,0,0,,0,July,2009,WD,Normal,147000
398,399,1-STORY 1945-,RM,60.0,8967,Pave,,0,Lvl,3,Corner,0,IDOTRR,Norm,Norm,1Fam,1Story,5,2,1920,1950,Gable,CompShg,MetalSd,MetalSd,None,0.0,3,2,BrkTil,2,1,0,1,0,1,0,961,961,GasA,4,1,1,1077,0,0,1077,0,0,1,0,2,1,3,6,4,0,0,Detchd,1920.0,1,1,338,1,1,0,0,0,0,0,0,0,0,0,,0,Nov,2007,WD,Abnorml,67000
413,414,1-STORY 1945-,RM,56.0,8960,Pave,Grvl,0,Lvl,3,Inside,0,OldTown,Artery,Norm,1Fam,1Story,5,6,1927,1950,Gable,CompShg,WdShing,WdShing,None,0.0,3,3,CBlock,3,3,0,1,0,1,0,1008,1008,GasA,4,1,4,1028,0,0,1028,0,0,1,0,2,1,3,5,0,1,4,Detchd,1927.0,1,2,360,3,3,2,0,0,130,0,0,0,0,0,,0,Mar,2010,WD,Normal,115000
420,421,DUPLEX,RM,78.0,7060,Pave,,0,Lvl,3,Inside,0,Mitchel,Norm,Norm,Duplex,SFoyer,7,5,1997,1998,Gable,CompShg,VinylSd,VinylSd,BrkFace,200.0,3,4,PConc,4,4,3,6,1309,1,0,35,1344,GasA,5,1,5,1344,0,0,1344,2,0,2,0,2,2,3,8,0,0,0,Attchd,1997.0,3,4,784,3,3,2,0,0,0,0,0,0,0,0,,0,Nov,2008,WD,Alloca,206300
425,426,2-STORY 1946+,RM,60.0,3378,Pave,Grvl,0,HLS,3,Inside,0,OldTown,Norm,Norm,1Fam,2Story,7,8,1946,1992,Gable,CompShg,HdBoard,HdBoard,None,0.0,3,4,CBlock,3,3,0,1,0,1,0,651,651,GasA,4,1,5,707,682,0,1389,0,0,1,1,3,1,3,6,0,2,4,Detchd,1947.0,1,1,240,3,3,1,0,0,126,0,0,0,0,0,,0,Sept,2009,WD,Normal,135000
430,431,2-STORY PUD 1946+,RM,21.0,1680,Pave,,0,Lvl,3,Inside,0,BrDale,Norm,Norm,Twnhs,2Story,6,5,1971,1971,Gable,CompShg,HdBoard,HdBoard,BrkFace,232.0,3,3,CBlock,3,3,0,5,387,1,0,96,483,GasA,3,1,5,483,504,0,987,0,0,1,1,2,1,3,4,0,0,0,Detchd,1971.0,1,1,264,3,3,2,0,0,0,0,0,0,0,0,,0,July,2008,COD,Abnorml,85400
431,432,1-1/2 STORY FIN,RM,60.0,5586,Pave,,1,Bnk,3,Inside,0,OldTown,Feedr,Norm,1Fam,1.5Fin,6,7,1920,1998,Gable,CompShg,MetalSd,MetalSd,None,0.0,3,3,BrkTil,3,3,0,1,0,1,0,901,901,GasA,4,1,5,1088,110,0,1198,0,0,1,0,4,1,3,7,0,0,0,,1920.0,0,0,0,0,0,0,0,98,0,0,0,0,0,3,,0,Sept,2008,ConLD,Abnorml,79900
432,433,2-STORY PUD 1946+,RM,24.0,1920,Pave,,0,Lvl,3,Inside,0,BrDale,Norm,Norm,TwnhsE,2Story,5,5,1971,1971,Gable,CompShg,HdBoard,HdBoard,BrkFace,376.0,3,3,CBlock,3,3,0,5,471,1,0,294,765,GasA,5,1,5,765,600,0,1365,1,0,1,1,2,1,3,6,1,0,0,Detchd,1971.0,1,2,440,3,3,2,240,36,0,0,0,0,0,0,,0,Aug,2007,WD,Normal,122500
434,435,MULTILEVEL PUD,RM,21.0,1890,Pave,,0,Lvl,3,Inside,0,MeadowV,Norm,Norm,Twnhs,SFoyer,4,7,1972,1972,Gable,CompShg,CemntBd,CmentBd,None,0.0,3,4,CBlock,4,3,2,5,495,1,0,135,630,GasA,4,1,5,630,0,0,630,1,0,1,0,1,1,3,3,0,0,0,,1972.0,0,0,0,0,0,2,88,0,0,0,0,0,0,0,,0,June,2008,WD,Normal,81000
436,437,1-1/2 STORY FIN,RM,40.0,4400,Pave,,0,Lvl,3,Inside,0,OldTown,Norm,Norm,1Fam,1.5Fin,6,8,1920,1950,Gable,CompShg,Stucco,Stucco,None,0.0,3,3,BrkTil,2,3,0,1,0,1,0,648,648,GasA,3,1,4,734,384,0,1118,0,0,1,0,2,1,3,6,0,0,0,Detchd,1990.0,1,2,440,3,3,2,0,0,0,0,0,0,0,0,,0,Oct,2006,WD,Normal,116000
437,438,1-1/2 STORY UNF,RM,50.0,6000,Pave,,0,Lvl,3,Inside,0,BrkSide,Norm,Norm,1Fam,1.5Unf,6,7,1926,2004,Gable,CompShg,Wd Sdng,Wd Sdng,None,0.0,4,3,PConc,3,3,0,1,0,1,0,884,884,GasA,4,1,5,904,0,0,904,0,0,1,0,2,1,3,4,0,0,0,Detchd,1926.0,1,1,180,3,3,2,0,0,105,0,0,0,0,0,,0,Jan,2009,WD,Normal,119000
442,443,1-1/2 STORY FIN,RM,52.0,6240,Pave,,0,Lvl,3,Inside,0,BrkSide,Norm,Norm,1Fam,1.5Fin,5,7,1930,1992,Gable,CompShg,MetalSd,MetalSd,None,0.0,3,3,PConc,3,3,0,1,0,1,0,1078,1078,GasA,3,1,5,1128,445,0,1573,0,0,2,0,3,1,3,8,0,1,4,Detchd,1930.0,1,2,360,3,3,1,0,0,0,0,0,0,0,0,,0,June,2008,WD,Normal,162900
448,449,1-1/2 STORY FIN,RM,50.0,8600,Pave,,0,Bnk,3,Inside,0,IDOTRR,Norm,Norm,1Fam,1.5Fin,6,6,1937,1950,Gable,CompShg,MetalSd,MetalSd,None,0.0,3,3,BrkTil,3,3,0,1,0,1,0,780,780,GasA,3,1,5,780,596,0,1376,0,0,2,0,3,1,3,7,0,1,4,Detchd,1937.0,1,1,198,3,3,0,0,0,0,0,0,0,0,0,,0,June,2006,WD,Normal,119500
449,450,1-1/2 STORY FIN,RM,50.0,6000,Pave,,0,Lvl,3,Inside,0,OldTown,Norm,Norm,1Fam,1.5Fin,3,7,1948,2002,Gable,CompShg,MetalSd,MetalSd,None,0.0,3,4,CBlock,3,3,0,5,331,1,0,318,649,GasA,5,1,5,679,504,0,1183,0,0,1,1,2,1,3,6,0,0,0,Detchd,1981.0,1,1,308,3,3,2,0,176,0,0,0,0,0,0,,0,June,2007,WD,Normal,120000
450,451,1-STORY 1945-,RM,70.0,5684,Pave,,0,Lvl,3,Inside,0,OldTown,Norm,Norm,1Fam,1Story,6,8,1930,2005,Hip,CompShg,Wd Sdng,Wd Sdng,None,0.0,3,3,BrkTil,3,3,0,1,0,1,0,813,813,GasA,5,1,4,813,0,0,813,0,0,1,0,2,1,4,5,0,0,0,Detchd,1932.0,1,1,270,2,2,0,0,113,0,0,0,0,0,0,,0,June,2006,WD,Normal,110000
456,457,2-STORY 1945-,RM,34.0,4571,Pave,Grvl,0,Lvl,3,Inside,0,OldTown,Norm,Norm,1Fam,2Story,5,5,1916,1950,Gable,CompShg,AsbShng,AsbShng,None,0.0,3,3,BrkTil,3,3,0,1,0,1,0,624,624,GasA,2,0,5,624,720,0,1344,0,0,1,0,4,1,3,7,0,0,0,Detchd,1916.0,1,3,513,2,2,2,0,0,96,0,0,0,0,0,,0,May,2008,COD,Abnorml,98000
458,459,2-STORY 1945-,RM,,5100,Pave,Grvl,0,Lvl,3,Inside,0,OldTown,Norm,Norm,1Fam,2Story,8,7,1925,1996,Hip,CompShg,Stucco,WdShing,None,0.0,3,4,PConc,3,3,0,1,0,1,0,588,588,GasA,2,1,5,833,833,0,1666,0,0,1,0,3,1,4,7,0,1,4,Detchd,1925.0,1,1,228,3,3,2,192,63,0,0,0,0,0,3,,0,June,2008,WD,Normal,161000
465,466,1-STORY PUD 1946+,RM,,3072,Pave,,0,Lvl,3,Inside,0,Blmngtn,Norm,Norm,TwnhsE,1Story,7,5,2004,2004,Hip,CompShg,VinylSd,VinylSd,BrkFace,18.0,4,3,PConc,4,3,0,1,0,1,0,1375,1375,GasA,5,1,5,1414,0,0,1414,0,0,2,0,2,1,4,6,0,1,3,Attchd,2004.0,3,2,398,3,3,2,144,20,0,0,0,0,0,0,,0,May,2006,WD,Normal,178740
472,473,MULTILEVEL PUD,RM,35.0,3675,Pave,,0,Lvl,3,Inside,0,Edwards,Norm,Norm,TwnhsE,SLvl,6,5,2005,2005,Gable,CompShg,VinylSd,VinylSd,BrkFace,80.0,3,3,PConc,4,3,3,6,459,1,0,88,547,GasA,5,1,5,1072,0,0,1072,1,0,1,0,2,1,3,5,0,0,0,Basment,2005.0,2,2,525,3,3,2,0,28,0,0,0,0,0,0,,0,June,2008,WD,Normal,148000
479,480,1-STORY 1945-,RM,50.0,5925,Pave,,0,Bnk,3,Inside,0,OldTown,Norm,Norm,1Fam,1Story,4,7,1937,2000,Hip,CompShg,Stucco,Stucco,BrkCmn,435.0,3,3,BrkTil,2,3,0,3,168,1,0,739,907,GasA,3,1,5,1131,0,0,1131,0,0,1,0,2,1,3,7,0,0,0,Detchd,1995.0,1,2,672,3,3,2,0,72,0,0,0,0,0,3,,0,Mar,2007,WD,Alloca,89471
482,483,2-STORY 1945-,RM,50.0,2500,Pave,Pave,0,Lvl,3,Corner,0,OldTown,Norm,Norm,1Fam,2Story,7,8,1915,2005,Gable,CompShg,Stucco,Stucco,None,0.0,4,3,PConc,3,3,0,5,299,1,0,611,910,GasA,5,1,5,916,910,0,1826,1,0,1,1,4,1,5,7,2,1,4,Attchd,1915.0,1,1,164,2,2,2,0,0,0,0,0,0,0,0,,0,June,2009,WD,Normal,155000
483,484,1-STORY PUD 1946+,RM,32.0,4500,Pave,,0,Lvl,3,FR2,0,Mitchel,Norm,Norm,Twnhs,1Story,6,5,1998,1998,Hip,CompShg,VinylSd,VinylSd,BrkFace,116.0,3,3,PConc,5,3,0,6,897,1,0,319,1216,GasA,5,1,5,1216,0,0,1216,1,0,2,0,2,1,3,5,0,0,0,Attchd,1998.0,1,2,402,3,3,2,0,125,0,0,0,0,0,0,,0,May,2006,WD,Normal,164000
489,490,MULTILEVEL PUD,RM,21.0,1526,Pave,,0,Lvl,3,Inside,0,MeadowV,Norm,Norm,Twnhs,SFoyer,4,8,1970,2002,Gable,CompShg,CemntBd,CmentBd,None,0.0,3,4,CBlock,4,3,2,6,515,1,0,115,630,GasA,3,1,5,630,0,0,630,1,0,1,0,1,1,4,3,0,0,0,Attchd,1970.0,1,1,286,3,3,2,0,0,0,0,0,0,0,0,,0,May,2009,WD,Normal,86000
490,491,2-STORY PUD 1946+,RM,,2665,Pave,,0,Lvl,3,Inside,0,MeadowV,Norm,Norm,TwnhsE,2Story,5,6,1976,1976,Gable,CompShg,CemntBd,CmentBd,None,0.0,3,3,PConc,4,3,1,1,0,1,0,264,264,GasA,3,1,5,616,688,0,1304,0,0,1,1,3,1,3,4,0,1,4,BuiltIn,1976.0,3,1,336,3,3,2,141,24,0,0,0,0,0,0,,0,June,2008,WD,Normal,115000
494,495,1-STORY 1945-,RM,50.0,5784,Pave,,0,Lvl,3,Inside,0,OldTown,Artery,Norm,1Fam,1Story,5,8,1938,1996,Gable,CompShg,MetalSd,MetalSd,None,0.0,3,3,BrkTil,2,3,0,1,0,1,0,190,190,GasA,4,1,4,886,0,0,886,0,0,1,0,2,1,3,4,0,0,0,Attchd,1938.0,1,1,273,3,3,2,144,20,80,0,0,0,0,0,,0,Dec,2009,WD,Normal,91300
500,501,2-STORY PUD 1946+,RM,21.0,1890,Pave,,0,Lvl,3,Inside,0,BrDale,Norm,Norm,Twnhs,2Story,6,5,1973,1973,Gable,CompShg,HdBoard,HdBoard,BrkFace,285.0,3,3,CBlock,3,3,0,4,356,1,0,316,672,GasA,3,1,5,672,546,0,1218,0,0,1,1,3,1,3,7,0,0,0,Detchd,1973.0,1,1,264,3,3,2,144,28,0,0,0,0,0,0,,0,May,2007,WD,Normal,113000
505,506,DUPLEX,RM,60.0,7596,Pave,Grvl,0,Lvl,3,Inside,0,OldTown,Artery,Norm,Duplex,2Story,5,5,1952,1952,Hip,CompShg,Wd Sdng,Wd Sdng,BrkFace,360.0,3,3,CBlock,3,3,0,1,0,1,0,960,960,GasA,4,1,5,960,1000,0,1960,0,0,2,0,4,2,3,10,0,0,0,Detchd,1952.0,1,2,400,3,3,0,0,0,0,0,0,0,0,0,,0,July,2009,COD,Normal,124500
508,509,2-STORY 1945-,RM,60.0,9600,Pave,,0,Lvl,3,Inside,0,OldTown,Norm,Norm,1Fam,2Story,7,9,1928,2005,Gambrel,CompShg,MetalSd,MetalSd,None,0.0,3,5,BrkTil,3,3,0,3,141,1,0,548,689,GasA,5,1,5,689,689,0,1378,0,0,2,0,3,1,4,7,0,1,4,Detchd,1928.0,1,2,360,3,3,0,0,0,116,0,0,0,0,0,,0,Oct,2008,WD,Normal,161000
522,523,1-1/2 STORY FIN,RM,50.0,5000,Pave,,0,Lvl,3,Corner,0,BrkSide,Feedr,Norm,1Fam,1.5Fin,6,7,1947,1950,Gable,CompShg,CemntBd,CmentBd,None,0.0,3,4,CBlock,3,3,0,5,399,1,0,605,1004,GasA,5,1,5,1004,660,0,1664,0,0,2,0,3,1,3,7,0,2,4,Detchd,1950.0,1,2,420,3,3,2,0,24,36,0,0,0,0,0,,0,Oct,2006,WD,Normal,159000
530,532,2-STORY 1945-,RM,60.0,6155,Pave,,1,Lvl,3,FR3,0,BrkSide,RRNn,Feedr,1Fam,2Story,6,8,1920,1999,Gable,CompShg,Wd Sdng,Wd Sdng,None,0.0,3,3,BrkTil,2,2,1,1,0,1,0,611,611,GasA,5,1,5,751,611,0,1362,0,0,2,0,3,1,3,6,0,0,0,Detchd,1920.0,3,2,502,3,2,2,0,0,84,0,0,0,0,0,,0,June,2008,WD,Normal,128000
547,549,1-STORY 1946+,RM,49.0,8235,Pave,,1,HLS,3,Inside,0,OldTown,Feedr,RRNn,1Fam,1Story,5,7,1955,1995,Gable,CompShg,MetalSd,MetalSd,None,0.0,3,4,CBlock,3,3,0,2,180,3,645,0,825,GasA,3,1,5,825,0,0,825,1,0,1,0,2,1,3,4,0,0,0,Detchd,1963.0,2,2,720,3,3,2,140,50,0,0,0,0,0,3,,0,June,2008,WD,Normal,125000
550,552,1-STORY 1946+,RM,50.0,6000,Pave,,0,Lvl,3,Inside,0,OldTown,Norm,Norm,1Fam,1Story,5,6,1957,1957,Hip,CompShg,BrkFace,BrkFace,None,0.0,3,3,CBlock,3,3,0,3,308,1,0,620,928,GasA,4,1,4,928,0,0,928,0,0,1,0,3,1,3,5,0,0,0,Attchd,1957.0,3,1,288,3,3,2,0,0,0,0,0,0,0,0,,0,June,2008,WD,Normal,112500
554,556,1-1/2 STORY UNF,RM,58.0,6380,Pave,,0,Lvl,3,Inside,0,BrkSide,Norm,Norm,1Fam,1.5Unf,5,6,1922,1950,Gable,CompShg,MetalSd,MetalSd,None,0.0,3,3,BrkTil,3,2,0,1,0,1,0,993,993,GasA,3,1,4,1048,0,0,1048,0,0,1,0,2,1,3,5,0,1,4,Detchd,1922.0,1,1,280,3,3,2,0,0,116,0,0,0,0,0,,0,Aug,2006,WD,Normal,113000
578,580,1-1/2 STORY FIN,RM,81.0,12150,Pave,Grvl,0,Lvl,3,Inside,0,OldTown,Norm,Norm,1Fam,1.5Fin,5,5,1954,1954,Gable,CompShg,MetalSd,MetalSd,BrkFace,335.0,3,3,BrkTil,3,3,0,1,0,1,0,1050,1050,GasA,5,0,3,1050,745,0,1795,0,0,2,0,4,1,3,7,0,0,0,Attchd,1954.0,1,1,352,2,3,2,0,0,0,0,0,0,0,0,,0,Nov,2008,WD,Normal,131500
582,584,2-1/2 STORY,RM,75.0,13500,Pave,,0,Lvl,3,Inside,0,OldTown,Artery,PosA,1Fam,2.5Unf,10,9,1893,2000,Gable,CompShg,Wd Sdng,Wd Sdng,None,0.0,5,5,BrkTil,3,3,0,1,0,1,0,1237,1237,GasA,4,1,5,1521,1254,0,2775,0,0,3,1,3,1,4,9,0,1,4,Detchd,1988.0,1,2,880,4,3,2,105,502,0,0,0,0,0,0,,0,July,2008,WD,Normal,325000
583,585,1-1/2 STORY FIN,RM,51.0,6120,Pave,,0,Lvl,3,Inside,0,BrkSide,Norm,Norm,1Fam,1.5Fin,4,7,1935,1995,Gable,CompShg,AsbShng,AsbShng,None,0.0,3,3,BrkTil,3,3,0,1,0,1,0,884,884,GasA,5,1,5,989,584,0,1573,0,0,1,0,3,1,4,6,0,0,0,Detchd,1935.0,1,1,240,3,3,2,0,0,54,0,120,0,0,0,,0,July,2009,WD,Normal,133000
588,590,1-STORY W/ ATTIC,RM,50.0,9100,Pave,,0,Lvl,3,Inside,0,BrkSide,RRAn,Feedr,1Fam,1Story,5,6,1930,1960,Gable,CompShg,VinylSd,VinylSd,None,0.0,3,3,BrkTil,3,3,0,1,0,1,0,742,742,GasA,3,1,4,779,0,156,935,0,0,1,0,2,1,3,4,0,0,0,Detchd,1988.0,1,1,308,3,3,1,0,0,0,0,0,0,0,0,Shed,600,Aug,2008,WD,Normal,79500
592,594,1-STORY PUD 1946+,RM,,4435,Pave,,0,Lvl,3,Inside,0,CollgCr,Norm,Norm,TwnhsE,1Story,6,5,2003,2003,Gable,CompShg,VinylSd,VinylSd,BrkFace,170.0,4,3,PConc,4,3,2,6,685,1,0,163,848,GasA,5,1,5,848,0,0,848,1,0,1,0,1,1,4,4,0,0,0,Attchd,2003.0,3,2,420,3,3,2,140,0,0,0,0,0,0,0,,0,May,2009,WD,Normal,140000
595,597,2-STORY 1945-,RM,60.0,3600,Pave,Grvl,0,Lvl,3,Inside,0,OldTown,Norm,Norm,1Fam,2Story,6,7,1910,1993,Gable,CompShg,VinylSd,VinylSd,None,0.0,3,3,CBlock,3,3,0,1,0,1,0,684,684,GasA,5,0,4,684,684,0,1368,0,0,1,0,3,1,3,7,0,0,0,Detchd,1930.0,1,1,216,3,2,0,0,158,0,0,0,0,0,0,,0,Oct,2006,WD,Normal,114504
598,600,2-STORY PUD 1946+,RM,24.0,1950,Pave,,0,Lvl,3,Inside,0,Blueste,Norm,Norm,Twnhs,2Story,6,6,1980,1980,Gable,CompShg,MetalSd,MetalSd,None,0.0,3,4,CBlock,4,3,0,2,81,6,612,23,716,GasA,3,1,5,716,840,0,1556,1,0,2,1,3,1,3,6,0,1,3,Attchd,1980.0,3,2,452,3,3,2,161,0,0,0,0,0,0,4,,0,July,2008,COD,Normal,151000
600,602,1-1/2 STORY FIN,RM,50.0,9000,Pave,,0,Bnk,3,Inside,0,IDOTRR,Norm,Norm,1Fam,1.5Fin,6,6,1937,1950,Gable,CompShg,Wd Sdng,Wd Sdng,None,0.0,3,4,PConc,3,3,0,1,0,1,0,780,780,GasA,3,1,5,780,595,0,1375,0,0,1,1,3,1,4,6,0,1,4,Detchd,1979.0,1,1,544,3,3,1,0,162,0,0,126,0,0,0,,0,Dec,2007,WD,Normal,141000
613,615,MULTILEVEL PUD,RM,21.0,1491,Pave,,0,Lvl,3,Inside,0,MeadowV,Norm,Norm,TwnhsE,SFoyer,4,6,1972,1972,Gable,CompShg,CemntBd,CmentBd,None,0.0,3,3,CBlock,4,3,2,2,150,6,480,0,630,GasA,5,1,5,630,0,0,630,1,0,1,0,1,1,3,3,0,0,0,,1972.0,0,0,0,0,0,2,96,24,0,0,0,0,0,0,,0,May,2010,WD,Normal,75500
629,631,2-STORY 1945-,RM,50.0,9000,Pave,Grvl,0,Lvl,3,Corner,0,OldTown,Artery,Norm,1Fam,2Story,5,6,1880,1991,Gable,CompShg,VinylSd,VinylSd,None,0.0,3,3,BrkTil,2,2,0,1,0,1,0,636,636,GasA,3,1,4,1089,661,0,1750,0,0,1,0,3,1,5,8,0,0,0,Detchd,1937.0,1,1,240,2,1,0,0,0,293,0,0,0,0,3,,0,June,2006,WD,Abnorml,124000
635,637,1-STORY 1945-,RM,51.0,6120,Pave,,0,Lvl,3,Inside,0,BrkSide,Norm,Norm,1Fam,1Story,2,3,1936,1950,Gable,CompShg,AsbShng,AsbShng,None,0.0,2,2,BrkTil,3,2,0,1,0,1,0,264,264,Grav,2,0,4,800,0,0,800,0,0,1,0,1,1,2,4,5,1,1,,1936.0,0,0,0,0,0,0,0,0,0,0,0,0,0,0,,0,Jan,2009,ConLw,Normal,60000
636,638,2 FAMILY CONVERSION,RM,50.0,6000,Pave,,0,Lvl,3,Inside,0,OldTown,Norm,Norm,2fmCon,1.5Fin,5,4,1954,1954,Gable,CompShg,Wd Sdng,Wd Sdng,None,0.0,3,3,CBlock,3,3,0,1,0,1,0,811,811,GasA,3,1,4,811,576,0,1387,0,0,2,0,3,2,4,7,0,0,0,BuiltIn,1954.0,1,1,256,3,3,2,0,0,0,0,0,0,0,0,,0,Nov,2009,WD,Normal,93000
648,650,MULTILEVEL PUD,RM,21.0,1936,Pave,,0,Lvl,3,Inside,0,MeadowV,Norm,Norm,Twnhs,SFoyer,4,6,1970,1970,Gable,CompShg,CemntBd,CmentBd,None,0.0,3,3,CBlock,4,3,2,4,131,6,499,0,630,GasA,4,1,5,630,0,0,630,1,0,1,0,1,1,3,3,0,0,0,,1970.0,0,0,0,0,0,2,0,0,0,0,0,0,0,3,,0,Dec,2007,WD,Normal,84500
652,654,1-1/2 STORY FIN,RM,60.0,10320,Pave,Grvl,0,Lvl,3,Inside,0,IDOTRR,Norm,Norm,1Fam,1.5Fin,6,7,1906,1995,Gable,CompShg,MetalSd,MetalSd,None,0.0,3,3,CBlock,3,3,0,1,0,1,0,756,756,GasA,5,1,5,756,713,0,1469,0,0,1,0,3,1,3,7,0,0,0,Detchd,1906.0,1,1,216,3,3,2,57,0,239,0,0,0,0,3,,0,June,2008,WD,Normal,135000
654,656,2-STORY PUD 1946+,RM,21.0,1680,Pave,,0,Lvl,3,Inside,0,BrDale,Norm,Norm,Twnhs,2Story,6,5,1971,1971,Gable,CompShg,HdBoard,ImStucc,BrkFace,381.0,3,3,CBlock,3,3,0,1,0,1,0,525,525,GasA,3,1,5,525,567,0,1092,0,0,1,1,3,1,3,6,0,0,0,Detchd,1971.0,1,1,264,3,3,2,0,0,0,0,0,0,0,0,,0,Mar,2010,WD,Family,88000
675,677,2-STORY 1945-,RM,60.0,9600,Pave,Grvl,0,Lvl,3,Inside,0,OldTown,Norm,Norm,1Fam,2Story,4,2,1900,1950,Gable,CompShg,AsbShng,Stucco,None,0.0,3,3,BrkTil,3,2,0,1,0,1,0,1095,1095,GasW,2,0,5,1095,679,0,1774,1,0,2,0,4,2,3,8,2,0,0,2Types,1920.0,1,3,779,2,2,0,0,0,90,0,0,0,0,0,,0,May,2006,WD,Normal,87000
689,691,1-STORY PUD 1946+,RM,,4426,Pave,,0,Lvl,3,Inside,0,CollgCr,Norm,Norm,TwnhsE,1Story,6,5,2004,2004,Gable,CompShg,VinylSd,VinylSd,BrkFace,147.0,4,3,PConc,4,3,3,6,697,1,0,151,848,GasA,5,1,5,848,0,0,848,1,0,1,0,1,1,4,3,0,1,3,Attchd,2004.0,2,2,420,3,3,2,149,0,0,0,0,0,0,0,,0,May,2008,WD,Normal,141000
692,695,1-1/2 STORY FIN,RM,51.0,6120,Pave,,0,Lvl,3,Corner,0,BrkSide,Norm,Norm,1Fam,1.5Fin,5,6,1936,1950,Gable,CompShg,Wd Sdng,Wd Sdng,None,0.0,3,2,BrkTil,3,3,0,1,0,1,0,927,927,GasA,3,1,5,1067,472,0,1539,0,0,1,1,3,1,3,5,0,0,0,Detchd,1995.0,1,2,576,3,3,2,112,0,0,0,0,0,0,3,,0,Apr,2009,WD,Normal,141500
694,697,1-STORY 1945-,RM,50.0,6000,Pave,,0,Lvl,3,Inside,0,BrkSide,Norm,Norm,1Fam,1Story,5,7,1921,1950,Gable,CompShg,Wd Sdng,WdShing,None,0.0,3,3,CBlock,3,3,0,2,616,1,0,0,616,GasA,4,1,5,616,0,0,616,0,0,1,0,2,1,3,4,0,0,0,Detchd,1921.0,1,1,205,3,3,2,0,0,129,0,0,0,0,0,,0,June,2006,WD,Normal,89000
701,704,2 FAMILY CONVERSION,RM,76.0,7630,Pave,,0,Lvl,3,Inside,0,OldTown,Feedr,Norm,2fmCon,2Story,5,9,1900,1996,Gable,CompShg,Wd Sdng,Wd Sdng,None,0.0,3,4,BrkTil,4,3,0,1,0,1,0,360,360,GasA,4,1,5,1032,780,0,1812,0,0,2,0,4,2,4,8,0,1,1,Detchd,1999.0,1,2,672,3,3,0,344,0,40,0,0,0,0,3,,0,May,2010,WD,Normal,140000
703,706,2 FAMILY CONVERSION,RM,70.0,5600,Pave,,0,Lvl,3,Inside,0,IDOTRR,Norm,Norm,2fmCon,2Story,4,5,1930,1950,Hip,CompShg,VinylSd,WdShing,None,0.0,2,2,Slab,0,0,0,0,0,0,0,0,0,GasA,2,0,5,372,720,0,1092,0,0,2,0,3,2,2,7,3,0,0,,1930.0,0,0,0,0,0,0,0,0,0,0,0,0,0,0,Othr,3500,July,2010,WD,Normal,55000
714,717,2-STORY 1945-,RM,60.0,10800,Pave,Grvl,0,Bnk,3,Inside,0,OldTown,Norm,Norm,1Fam,2Story,7,8,1890,1998,Gable,CompShg,Wd Sdng,VinylSd,None,0.0,3,4,BrkTil,3,3,0,1,0,1,0,718,718,GasA,5,1,5,1576,978,0,2554,0,0,1,1,3,1,3,8,0,0,0,Detchd,1996.0,1,2,704,3,3,1,0,48,143,0,0,0,0,0,,0,July,2007,WD,Normal,159500
719,722,1-STORY PUD 1946+,RM,,4426,Pave,,0,Lvl,3,Inside,0,CollgCr,Norm,Norm,TwnhsE,1Story,6,5,2004,2004,Gable,CompShg,VinylSd,VinylSd,BrkFace,169.0,4,3,PConc,4,3,2,6,662,1,0,186,848,GasA,5,1,5,848,0,0,848,1,0,1,0,1,1,4,3,0,0,0,Attchd,2004.0,2,2,420,3,3,2,160,0,0,0,0,0,0,0,,0,May,2010,WD,Normal,143000
727,730,1-STORY 1945-,RM,52.0,6240,Pave,Grvl,0,Lvl,3,Inside,0,IDOTRR,Norm,Norm,1Fam,1.5Fin,4,5,1925,1950,Gable,CompShg,MetalSd,MetalSd,None,0.0,3,3,CBlock,3,3,0,4,152,1,0,628,780,GasA,3,1,4,848,0,360,1208,0,0,1,0,2,1,3,5,0,0,0,Detchd,1962.0,1,2,539,3,3,2,0,23,112,0,0,0,0,0,,0,Jan,2009,WD,Normal,103000
733,736,2-1/2 STORY,RM,60.0,10800,Pave,,0,Lvl,3,Inside,0,OldTown,Norm,Norm,1Fam,2.5Unf,7,7,1914,1970,Gable,CompShg,Wd Sdng,Wd Sdng,None,0.0,3,3,BrkTil,4,3,1,3,390,1,0,490,880,GasW,2,0,5,880,888,0,1768,0,0,1,1,2,1,3,6,0,2,3,Detchd,1914.0,1,2,320,3,3,0,0,341,0,0,0,0,0,0,,0,Oct,2006,WD,Normal,163000
738,741,2-STORY 1945-,RM,60.0,9600,Pave,Grvl,0,Lvl,3,Inside,0,OldTown,Norm,Norm,1Fam,2Story,5,7,1910,2002,Gable,CompShg,Wd Sdng,WdShing,None,0.0,3,4,BrkTil,2,2,0,1,0,1,0,264,264,GasA,5,1,5,768,664,0,1432,0,0,2,0,2,1,3,7,0,0,0,Detchd,1910.0,1,2,360,3,4,2,270,0,112,0,0,0,0,4,,0,May,2007,WD,Abnorml,132000
745,748,2-STORY 1945-,RM,65.0,11700,Pave,Pave,1,Lvl,3,Corner,0,OldTown,Norm,Norm,1Fam,2Story,7,7,1880,2003,Mansard,CompShg,Stucco,Stucco,None,0.0,4,3,Stone,3,2,0,1,0,1,0,1240,1240,GasW,3,0,5,1320,1320,0,2640,0,0,1,1,4,1,4,8,0,1,4,Detchd,1950.0,1,4,864,3,3,0,181,0,386,0,0,0,0,0,,0,May,2009,WD,Normal,265979
748,751,1-1/2 STORY FIN,RM,55.0,8800,Pave,Grvl,0,Lvl,3,Corner,0,OldTown,Norm,Norm,1Fam,1.5Fin,4,7,1910,2004,Gable,CompShg,Wd Sdng,Wd Sdng,None,0.0,3,3,BrkTil,3,2,0,1,0,1,0,576,576,GasA,4,1,5,792,348,0,1140,0,0,1,0,3,1,3,7,2,0,0,,1910.0,0,0,0,0,0,0,0,160,0,0,0,0,0,0,,0,June,2010,WD,Normal,96500
759,762,1-STORY 1945-,RM,60.0,6911,Pave,,0,Lvl,3,FR2,0,BrkSide,Feedr,Norm,1Fam,1Story,5,5,1924,1950,Gable,CompShg,Wd Sdng,Wd Sdng,None,0.0,3,3,PConc,3,3,1,2,405,1,0,740,1145,GasA,3,1,5,1301,0,0,1301,0,0,1,0,2,1,2,5,1,0,0,Detchd,1965.0,1,2,440,3,3,2,0,0,0,0,0,0,0,0,,0,Oct,2009,WD,Normal,100000
773,776,1-STORY PUD 1946+,RM,32.0,4500,Pave,,0,Lvl,3,FR2,0,Mitchel,Norm,Norm,TwnhsE,1Story,6,5,1998,1998,Hip,CompShg,VinylSd,VinylSd,BrkFace,320.0,3,3,PConc,5,3,0,6,866,1,0,338,1204,GasA,5,1,5,1204,0,0,1204,1,0,2,0,2,1,3,5,0,0,0,Attchd,1998.0,3,2,412,3,3,2,0,247,0,0,0,0,0,0,,0,June,2009,WD,Normal,162000
782,785,2-1/2 STORY,RM,35.0,6300,Pave,Grvl,0,Lvl,3,Inside,0,OldTown,Norm,Norm,1Fam,2.5Unf,6,6,1914,2001,Gable,CompShg,Wd Sdng,WdShing,None,0.0,3,3,CBlock,3,3,0,1,0,1,0,742,742,GasA,5,1,5,742,742,0,1484,0,0,2,0,3,1,3,9,0,1,4,,1914.0,0,0,0,0,0,2,0,291,134,0,0,0,0,0,,0,June,2008,WD,Normal,128000
784,787,1-1/2 STORY FIN,RM,60.0,10800,Pave,,0,Lvl,3,Inside,0,OldTown,Artery,Norm,1Fam,1.5Fin,5,6,1915,1950,Gable,CompShg,MetalSd,MetalSd,None,0.0,3,4,PConc,2,3,0,2,686,1,0,0,686,GasA,3,1,5,966,686,0,1652,1,0,2,0,4,1,3,7,0,0,0,Detchd,1961.0,1,1,416,3,3,2,0,0,196,0,0,0,0,0,Shed,1200,June,2010,WD,Normal,139000
786,789,1-STORY 1946+,RM,50.0,6000,Pave,,0,Lvl,3,Corner,0,OldTown,Norm,Norm,1Fam,1Story,4,7,1954,2000,Gable,CompShg,MetalSd,MetalSd,None,0.0,3,3,CBlock,3,3,0,1,0,1,0,901,901,GasA,5,1,5,901,0,0,901,0,0,1,0,2,1,3,4,0,0,0,Detchd,1954.0,1,1,281,2,3,2,0,0,0,0,0,0,0,0,,0,Aug,2008,WD,Normal,107900
799,802,1-STORY 1945-,RM,40.0,4800,Pave,,0,Lvl,3,Inside,0,IDOTRR,Norm,Norm,1Fam,1Story,4,7,1916,1990,Gable,CompShg,MetalSd,MetalSd,None,0.0,3,3,CBlock,3,3,0,2,197,1,0,999,1196,GasA,5,1,4,1196,0,0,1196,1,0,1,0,2,1,3,5,0,0,0,Detchd,1957.0,1,2,440,3,3,2,0,0,0,0,0,0,0,0,,0,July,2007,WD,Normal,109900
807,810,2-1/2 STORY,RM,90.0,8100,Pave,,0,Lvl,3,Corner,0,OldTown,Norm,Norm,1Fam,2.5Unf,5,5,1898,1965,Hip,CompShg,AsbShng,AsbShng,None,0.0,3,3,PConc,3,3,0,1,0,1,0,849,849,GasA,3,0,4,1075,1063,0,2138,0,0,2,0,2,3,3,11,0,0,0,Detchd,1910.0,1,2,360,2,1,0,40,156,0,0,0,0,0,3,,0,Nov,2009,WD,Normal,106000
809,812,1-STORY PUD 1946+,RM,,4438,Pave,,0,Lvl,3,Inside,0,CollgCr,Norm,Norm,TwnhsE,1Story,6,5,2004,2004,Gable,CompShg,VinylSd,VinylSd,BrkFace,169.0,4,3,PConc,4,3,3,6,662,1,0,186,848,GasA,5,1,5,848,0,0,848,1,0,1,0,1,1,4,4,0,1,4,Attchd,2004.0,3,2,420,3,3,2,140,0,0,0,0,0,0,0,,0,June,2008,ConLD,Normal,144500
819,822,1-STORY 1946+,RM,60.0,6000,Pave,Pave,0,Bnk,3,Inside,1,OldTown,Norm,Norm,2fmCon,1Story,4,4,1953,1953,Gable,CompShg,MetalSd,MetalSd,None,0.0,2,3,CBlock,2,3,0,1,0,1,0,936,936,GasA,3,0,5,936,0,0,936,0,0,1,0,2,1,3,4,2,0,0,Detchd,1974.0,1,2,576,3,3,2,0,32,112,0,0,0,0,0,,0,Feb,2009,WD,Normal,93000
824,827,1-1/2 STORY UNF,RM,50.0,6130,Pave,,0,Lvl,3,Inside,0,BrkSide,Norm,Norm,1Fam,1.5Unf,5,6,1924,1950,Gable,CompShg,MetalSd,MetalSd,None,0.0,3,3,BrkTil,3,3,0,5,784,1,0,0,784,GasA,4,1,5,784,0,0,784,1,0,1,0,2,1,4,5,0,0,0,,1924.0,0,0,0,0,0,2,0,0,116,0,0,0,0,0,,0,May,2008,WD,Normal,109500
834,837,1-STORY 1945-,RM,90.0,8100,Pave,Pave,0,Lvl,3,Inside,0,OldTown,Norm,Norm,1Fam,1Story,5,6,1948,1973,Gable,CompShg,VinylSd,VinylSd,None,0.0,3,3,BrkTil,3,3,0,3,338,1,0,1221,1559,GasA,4,1,5,1559,0,0,1559,1,0,1,0,2,1,3,5,2,0,0,Detchd,1948.0,1,2,812,3,3,2,0,116,230,0,0,0,0,2,,0,June,2007,COD,Normal,153500
835,838,2-STORY PUD 1946+,RM,21.0,1680,Pave,,0,Lvl,3,Inside,0,BrDale,Norm,Norm,Twnhs,2Story,6,5,1973,1973,Gable,CompShg,HdBoard,HdBoard,BrkFace,158.0,3,3,CBlock,3,3,0,4,330,1,0,153,483,GasA,3,1,5,483,504,0,987,1,0,1,1,2,1,3,5,0,0,0,Detchd,1973.0,1,1,264,3,3,2,0,0,0,0,0,0,0,0,,0,Nov,2008,WD,Normal,100000
839,842,2-STORY 1945-,RM,60.0,10440,Pave,Grvl,0,Lvl,3,Inside,0,OldTown,Norm,Norm,1Fam,2Story,5,8,1904,2002,Gable,CompShg,MetalSd,MetalSd,None,0.0,3,3,PConc,3,3,0,1,0,1,0,650,650,GasA,4,1,5,958,581,0,1539,0,0,2,0,3,1,4,8,0,1,1,Detchd,1983.0,1,2,686,4,3,1,70,78,68,0,0,0,0,0,,0,June,2008,WD,Normal,157500
842,845,1-1/2 STORY FIN,RM,100.0,12665,Pave,Grvl,1,Lvl,3,Inside,0,OldTown,Artery,Norm,1Fam,1.5Fin,5,8,1915,1950,Gable,CompShg,Wd Sdng,Wd Sdng,None,0.0,3,3,BrkTil,3,3,1,1,0,1,0,876,876,GasA,4,1,5,876,540,0,1416,0,0,1,1,4,1,3,7,0,1,4,Detchd,1949.0,1,3,720,3,3,2,418,0,194,0,0,0,0,0,,0,June,2008,WD,Normal,153900
848,851,1-STORY PUD 1946+,RM,36.0,4435,Pave,,0,Lvl,3,Inside,0,CollgCr,Norm,Norm,TwnhsE,1Story,6,5,2003,2003,Gable,CompShg,VinylSd,VinylSd,BrkFace,170.0,4,3,PConc,4,3,2,6,659,1,0,189,848,GasA,5,1,5,848,0,0,848,1,0,1,0,1,1,4,3,0,0,0,Attchd,2003.0,3,2,420,3,3,2,140,0,0,0,0,0,0,0,,0,Nov,2007,WD,Normal,131500
872,875,1-1/2 STORY FIN,RM,52.0,5720,Pave,,0,Lvl,3,Inside,0,OldTown,Artery,Norm,1Fam,1.5Fin,5,6,1941,1950,Gable,CompShg,Wd Sdng,Wd Sdng,None,0.0,3,3,CBlock,3,3,0,1,0,1,0,676,676,GasA,5,1,5,676,455,0,1131,0,0,1,1,3,1,3,5,0,0,0,Detchd,1941.0,1,1,200,3,3,2,26,0,0,0,0,0,0,0,,0,Aug,2009,WD,Abnorml,66500
894,897,1-STORY 1945-,RM,50.0,8765,Pave,Grvl,0,Lvl,3,Inside,0,IDOTRR,Norm,Norm,1Fam,1Story,4,6,1936,1950,Gable,CompShg,Wd Sdng,Wd Sdng,None,0.0,3,3,BrkTil,3,3,0,5,285,1,0,666,951,GasA,5,0,5,951,0,0,951,0,0,1,0,2,1,3,6,0,0,0,Detchd,1936.0,1,1,327,3,3,2,0,28,0,0,0,0,0,0,,0,Apr,2006,WD,Abnorml,106500
910,913,1-STORY 1945-,RM,51.0,6120,Pave,,0,Lvl,3,Inside,0,BrkSide,Norm,Norm,1Fam,1Story,5,7,1925,1950,Gable,CompShg,MetalSd,MetalSd,None,0.0,3,3,BrkTil,3,3,0,3,489,1,0,279,768,GasA,3,0,5,1015,0,0,1015,0,0,1,0,3,1,3,6,1,0,0,Detchd,1925.0,1,1,450,3,3,2,0,0,112,0,120,0,0,3,Shed,620,July,2006,WD,Abnorml,88000
913,916,2-STORY PUD 1946+,RM,21.0,2001,Pave,,0,Lvl,3,Inside,0,MeadowV,Norm,Norm,Twnhs,2Story,4,5,1970,1970,Gable,CompShg,CemntBd,CmentBd,BrkFace,80.0,3,3,CBlock,3,3,0,1,0,1,0,546,546,GasA,2,1,5,546,546,0,1092,0,0,1,1,3,1,3,6,0,0,0,Attchd,1970.0,1,1,286,3,3,2,0,0,0,0,0,0,0,0,,0,Jan,2007,WD,Normal,75000
943,946,1-1/2 STORY FIN,RM,98.0,8820,Pave,,0,Lvl,3,Corner,0,OldTown,Norm,Norm,1Fam,1.5Fin,5,6,1890,1996,Hip,CompShg,VinylSd,VinylSd,None,0.0,3,3,BrkTil,3,3,0,2,1088,1,0,0,1088,GasA,3,1,5,1188,561,120,1869,0,0,1,0,2,1,3,7,0,0,0,Detchd,1963.0,1,2,456,3,3,2,48,0,244,0,0,0,0,1,,0,Sept,2009,WD,Normal,124900
954,957,2-STORY PUD 1946+,RM,24.0,1300,Pave,,0,Lvl,3,Inside,0,Blueste,Norm,Norm,TwnhsE,2Story,6,6,1980,1980,Gable,CompShg,MetalSd,MetalSd,None,0.0,3,3,CBlock,4,3,0,5,285,1,0,276,561,GasA,3,1,5,561,668,0,1229,0,0,1,1,2,1,3,5,0,1,3,Attchd,1980.0,3,2,462,3,3,2,150,0,0,0,0,0,0,4,,0,May,2009,WD,Normal,124000
966,969,1-1/2 STORY FIN,RM,50.0,5925,Pave,,0,Lvl,3,Inside,0,OldTown,Norm,Norm,1Fam,1.5Fin,3,6,1910,1950,Gable,CompShg,VinylSd,VinylSd,None,0.0,3,3,BrkTil,3,3,0,1,0,1,0,600,600,Grav,2,0,5,600,368,0,968,0,0,1,0,2,1,3,6,0,0,0,,1910.0,0,0,0,0,0,2,0,0,0,0,0,0,0,2,,0,May,2009,WD,Abnorml,37900
984,987,1-1/2 STORY FIN,RM,59.0,5310,Pave,,0,Lvl,3,Corner,0,OldTown,Feedr,Norm,1Fam,1.5Fin,6,8,1910,2003,Hip,CompShg,VinylSd,VinylSd,None,0.0,3,4,CBlock,3,2,0,1,0,1,0,485,485,GasA,4,1,5,1001,634,0,1635,0,0,1,0,2,1,4,5,0,0,0,Attchd,1950.0,1,1,255,2,3,2,394,0,0,0,0,0,0,0,,0,June,2006,WD,Normal,117000
989,992,2-STORY 1945-,RM,121.0,17671,Pave,Grvl,0,Lvl,3,Corner,0,OldTown,Artery,Norm,1Fam,2Story,8,9,1882,1986,Gable,CompShg,Wd Sdng,Wd Sdng,None,0.0,4,4,BrkTil,3,3,0,4,216,1,0,700,916,GasA,4,1,5,916,826,0,1742,0,0,1,1,4,1,4,8,0,1,4,Attchd,1925.0,1,2,424,3,3,1,0,169,0,0,0,0,0,0,,0,Nov,2009,WD,Normal,168000
996,999,1-STORY 1945-,RM,60.0,9786,Pave,,0,Lvl,3,Inside,0,IDOTRR,Norm,Norm,1Fam,1Story,3,4,1922,1950,Hip,CompShg,Wd Sdng,Wd Sdng,None,0.0,3,3,BrkTil,3,2,0,1,0,1,0,1007,1007,GasA,2,0,5,1077,0,0,1077,0,0,1,0,3,1,3,6,0,1,4,Detchd,1922.0,1,1,210,3,2,1,0,100,48,0,0,0,0,0,,0,May,2006,WD,Normal,91000
1005,1008,2-STORY PUD 1946+,RM,21.0,2217,Pave,,0,Lvl,3,Inside,0,MeadowV,Norm,Norm,TwnhsE,2Story,4,4,1970,1970,Gable,CompShg,CemntBd,CmentBd,None,0.0,3,3,CBlock,3,3,0,4,273,3,273,0,546,GasA,3,1,5,546,546,0,1092,0,0,1,1,3,1,3,6,0,0,0,Attchd,1970.0,2,1,286,3,3,2,238,0,0,0,0,0,0,0,,0,Aug,2009,WD,Normal,88000
1011,1014,1-STORY 1945-,RM,60.0,7200,Pave,,0,Lvl,3,Inside,0,OldTown,Norm,Norm,1Fam,1Story,5,4,1910,2006,Hip,CompShg,MetalSd,Stucco,None,0.0,3,3,BrkTil,3,3,0,5,247,3,465,310,1022,GasW,3,0,5,1022,0,0,1022,1,0,1,0,2,1,3,4,4,0,0,Detchd,1956.0,1,1,280,3,3,2,0,30,226,0,0,0,0,0,,0,June,2009,WD,Normal,85000
1020,1023,1-1/2 STORY FIN,RM,52.0,9439,Pave,,0,Lvl,3,Inside,0,OldTown,Norm,Norm,1Fam,1.5Fin,5,5,1930,1950,Gable,CompShg,Wd Sdng,Wd Sdng,None,0.0,3,3,CBlock,3,3,0,2,324,1,0,588,912,GasA,4,1,4,912,336,0,1248,0,0,1,0,2,1,3,6,0,0,0,Detchd,1957.0,1,1,160,2,2,2,0,0,192,0,0,0,0,0,,0,Mar,2007,WD,Normal,87000
1027,1030,2-STORY PUD 1946+,RM,21.0,1680,Pave,,0,Lvl,3,Inside,0,BrDale,Norm,Norm,Twnhs,2Story,6,7,1972,1972,Gable,CompShg,HdBoard,HdBoard,BrkFace,281.0,3,3,CBlock,3,3,0,4,317,1,0,355,672,GasA,4,1,5,672,546,0,1218,0,1,1,1,3,1,3,7,0,0,0,Detchd,1972.0,1,1,264,3,3,2,0,28,0,0,0,0,0,0,,0,May,2006,WD,Normal,118000
1036,1039,2-STORY PUD 1946+,RM,21.0,1533,Pave,,0,Lvl,3,Inside,0,MeadowV,Norm,Norm,Twnhs,2Story,4,6,1970,2008,Gable,CompShg,CemntBd,CmentBd,None,0.0,3,3,CBlock,3,3,0,1,0,1,0,546,546,GasA,3,1,5,798,546,0,1344,0,0,1,1,3,1,3,6,0,1,3,,1970.0,0,0,0,0,0,2,0,0,0,0,0,0,0,0,,0,May,2009,WD,Normal,97000
1037,1040,MULTILEVEL PUD,RM,21.0,1477,Pave,,0,Lvl,3,Inside,0,MeadowV,Norm,Norm,TwnhsE,SFoyer,4,4,1970,1970,Gable,CompShg,CemntBd,CmentBd,None,0.0,3,3,CBlock,4,3,2,6,509,1,0,121,630,GasA,3,1,5,630,0,0,630,1,0,1,0,1,1,3,3,0,0,0,Attchd,1970.0,1,1,286,3,3,2,0,0,0,0,0,0,0,0,,0,Apr,2009,WD,Normal,80000
1060,1063,2 FAMILY CONVERSION,RM,85.0,13600,Pave,Grvl,0,Lvl,3,Inside,0,OldTown,Norm,Norm,2fmCon,2Story,5,5,1900,1950,Gable,CompShg,Wd Sdng,Wd Sdng,None,0.0,3,3,BrkTil,3,3,0,1,0,1,0,662,662,GasA,3,0,5,1422,915,0,2337,0,0,2,0,5,2,3,10,2,0,0,Detchd,1945.0,1,2,560,3,3,2,0,57,0,0,0,0,0,0,,0,Sept,2007,WD,Normal,90000
1061,1064,1-STORY 1945-,RM,50.0,6000,Pave,,0,Lvl,3,Inside,0,OldTown,Artery,Norm,1Fam,1Story,6,6,1925,1980,Gable,CompShg,MetalSd,MetalSd,None,0.0,3,4,BrkTil,3,3,0,4,397,1,0,706,1103,GasA,4,1,5,1103,0,0,1103,0,0,1,0,2,1,4,5,0,1,4,Detchd,1976.0,1,2,440,3,3,2,166,120,0,0,0,0,0,3,,0,July,2006,WD,Normal,110500
1066,1069,2-STORY PUD 1946+,RM,42.0,3964,Pave,,0,Lvl,3,Inside,0,MeadowV,Norm,Norm,TwnhsE,2Story,6,4,1973,1973,Gable,CompShg,CemntBd,CmentBd,None,0.0,3,3,CBlock,4,3,0,5,837,1,0,105,942,GasA,4,1,5,1291,1230,0,2521,1,0,2,1,5,1,3,10,5,1,4,Attchd,1973.0,3,2,576,3,3,2,728,20,0,0,0,0,0,4,,0,June,2006,WD,Normal,151400
1076,1079,1-STORY PUD 1946+,RM,37.0,4435,Pave,,0,Lvl,3,Inside,0,CollgCr,Norm,Norm,TwnhsE,1Story,6,5,2004,2004,Gable,CompShg,VinylSd,VinylSd,BrkFace,169.0,4,3,PConc,4,3,1,6,662,1,0,186,848,GasA,5,1,5,848,0,0,848,1,0,1,0,1,1,4,3,0,1,4,Attchd,2004.0,2,2,420,3,3,2,140,0,0,0,0,0,0,0,,0,May,2006,WD,Normal,155900
1084,1087,2-STORY PUD 1946+,RM,,1974,Pave,,0,Lvl,3,Inside,0,MeadowV,Norm,Norm,TwnhsE,2Story,4,5,1973,1973,Gable,CompShg,CemntBd,CmentBd,None,0.0,3,3,CBlock,3,3,0,4,334,1,0,212,546,GasA,3,1,5,546,546,0,1092,0,0,1,1,3,1,3,6,0,0,0,Attchd,1973.0,2,1,286,3,3,2,120,96,0,0,0,0,0,0,,0,May,2010,WD,Normal,83500
1086,1089,2-STORY PUD 1946+,RM,24.0,2522,Pave,,0,Lvl,3,Inside,0,Edwards,Norm,Norm,Twnhs,2Story,7,5,2004,2004,Gable,CompShg,VinylSd,VinylSd,Stone,50.0,4,3,PConc,4,3,0,1,0,1,0,970,970,GasA,5,1,5,970,739,0,1709,0,0,2,0,3,1,4,7,5,0,0,Detchd,2004.0,1,2,380,3,3,2,0,40,0,0,0,0,0,0,,0,Apr,2006,WD,Normal,137500
1094,1097,2-STORY 1945-,RM,60.0,6882,Pave,,0,Lvl,3,Inside,0,IDOTRR,Norm,Norm,1Fam,2Story,6,7,1914,2006,Gable,CompShg,Wd Sdng,Wd Sdng,None,0.0,3,3,PConc,3,3,0,1,0,1,0,684,684,GasA,3,1,5,773,582,0,1355,0,0,1,1,3,1,4,7,0,0,0,,1914.0,0,0,0,0,0,2,136,0,115,0,0,0,0,0,,0,Mar,2007,WD,Normal,127000
1096,1099,1-1/2 STORY FIN,RM,50.0,6000,Pave,,0,Lvl,3,Inside,0,BrkSide,Norm,Norm,1Fam,1.5Fin,4,6,1936,1950,Gable,CompShg,MetalSd,MetalSd,None,0.0,3,3,BrkTil,3,3,0,4,672,1,0,0,672,GasA,3,1,5,757,567,0,1324,0,0,1,0,3,1,3,6,0,0,0,Detchd,1936.0,1,1,240,3,3,2,0,0,0,0,0,0,0,0,,0,July,2009,WD,Normal,128000
1102,1105,2-STORY PUD 1946+,RM,24.0,2016,Pave,,0,Lvl,3,Inside,0,BrDale,Norm,Norm,TwnhsE,2Story,5,5,1970,1970,Gable,CompShg,HdBoard,HdBoard,BrkFace,304.0,3,3,CBlock,3,3,0,1,0,1,0,630,630,GasA,3,1,5,630,672,0,1302,0,0,2,1,3,1,3,6,0,0,0,Detchd,1970.0,1,2,440,3,3,2,0,0,0,0,0,0,0,0,,0,Apr,2007,WD,Normal,106000
1118,1121,1-STORY 1945-,RM,59.0,8263,Pave,,0,Bnk,3,Inside,1,IDOTRR,Norm,Norm,1Fam,1Story,6,5,1920,1950,Gable,CompShg,BrkFace,BrkFace,None,0.0,3,3,BrkTil,3,3,0,1,0,1,0,1012,1012,GasA,3,1,4,1012,0,0,1012,0,0,1,0,2,1,3,6,0,1,4,Detchd,1920.0,1,1,308,3,3,2,0,22,112,0,0,0,0,3,,0,May,2007,WD,Normal,118400
1127,1130,DUPLEX,RM,60.0,7200,Pave,Grvl,0,Lvl,3,Inside,0,OldTown,Norm,Norm,Duplex,SFoyer,5,5,1980,1980,Gable,CompShg,MetalSd,MetalSd,BrkFace,180.0,3,3,CBlock,4,3,3,6,936,1,0,0,936,GasA,3,1,5,936,0,0,936,1,0,1,0,2,1,3,4,0,0,0,Detchd,1980.0,1,2,672,3,3,2,49,0,0,0,0,0,0,0,,0,Aug,2007,WD,Normal,140000
1130,1133,2-STORY 1945-,RM,90.0,9900,Pave,,0,Lvl,3,Inside,0,OldTown,Norm,Norm,1Fam,2Story,6,4,1880,1950,Gable,CompShg,Wd Sdng,Wd Sdng,None,0.0,3,3,BrkTil,3,3,1,1,0,1,0,1008,1008,GasW,3,1,5,1178,1032,0,2210,0,0,2,0,5,1,2,8,0,0,0,Detchd,1930.0,1,1,205,2,3,0,0,48,0,0,0,0,0,0,,0,May,2007,WD,Normal,117500
1133,1136,1-STORY 1945-,RM,60.0,6180,Pave,,0,Lvl,3,Corner,0,BrkSide,Norm,Norm,1Fam,1Story,6,5,1926,1950,Gable,CompShg,Wd Sdng,Wd Sdng,None,0.0,3,3,BrkTil,3,3,0,1,0,1,0,960,960,GasA,3,0,5,986,0,0,986,0,0,1,0,2,1,3,5,0,1,4,Detchd,1926.0,1,1,180,3,3,2,0,128,0,0,0,0,0,0,,0,May,2007,WD,Normal,102000
1143,1146,1-1/2 STORY FIN,RM,52.0,6240,Pave,,0,Lvl,3,Inside,0,BrkSide,Norm,Norm,1Fam,1.5Fin,5,6,1928,1950,Gable,CompShg,MetalSd,MetalSd,None,0.0,3,3,BrkTil,3,3,0,1,0,1,0,1042,1042,GasA,5,1,5,1042,534,0,1576,0,0,1,0,3,1,3,8,0,1,4,Detchd,1928.0,1,1,225,3,3,2,0,0,0,0,0,0,0,0,,0,Aug,2006,WD,Family,149000
1146,1149,1-1/2 STORY FIN,RM,,5700,Pave,,0,Lvl,3,Inside,0,OldTown,Norm,Norm,1Fam,1.5Fin,7,7,1926,1950,Gable,CompShg,Wd Sdng,Wd Sdng,None,0.0,3,3,PConc,3,3,0,1,0,1,0,572,572,GasA,3,1,5,572,539,0,1111,0,0,1,0,2,1,3,5,0,1,4,Detchd,1982.0,1,1,288,3,3,2,0,0,176,0,0,0,0,0,,0,Aug,2008,WD,Normal,116900
1147,1150,2-STORY 1945-,RM,50.0,9000,Pave,,0,Lvl,3,Inside,0,OldTown,Artery,Norm,1Fam,2Story,7,9,1920,1988,Hip,CompShg,VinylSd,VinylSd,None,0.0,3,4,PConc,3,3,0,5,624,1,0,26,650,GasA,5,1,5,832,650,0,1482,0,1,1,0,3,1,3,7,0,0,0,Detchd,1930.0,1,2,324,3,3,2,0,0,0,0,0,0,0,0,,0,July,2009,WD,Normal,143000
1151,1154,1-STORY 1945-,RM,,5890,Pave,,0,Lvl,3,Corner,0,IDOTRR,Norm,Norm,1Fam,1Story,6,8,1930,2007,Gable,CompShg,Wd Sdng,Wd Sdng,None,0.0,4,4,BrkTil,3,3,2,5,538,1,0,278,816,GasA,5,1,5,816,0,0,816,0,0,1,0,2,1,3,5,0,0,0,Detchd,2002.0,1,1,432,3,3,2,0,0,96,0,0,0,0,0,,0,June,2008,WD,Normal,120500
1175,1178,1-1/2 STORY FIN,RM,,3950,Pave,Grvl,0,Bnk,3,Inside,0,OldTown,Artery,Norm,1Fam,1.5Fin,6,8,1926,2004,Gable,CompShg,MetalSd,MetalSd,None,0.0,3,3,CBlock,3,3,0,3,468,1,0,350,818,GasA,3,1,5,818,406,0,1224,0,0,1,0,3,1,3,5,0,0,0,Detchd,1926.0,1,1,210,3,3,0,0,0,116,0,0,0,0,0,,0,Dec,2009,WD,Normal,115000
1179,1182,1-STORY PUD 1946+,RM,64.0,5587,Pave,,1,HLS,3,Inside,1,Crawfor,Norm,Norm,TwnhsE,1Story,8,5,2008,2008,Hip,CompShg,CemntBd,CmentBd,Stone,186.0,5,3,PConc,5,3,3,6,1480,1,0,120,1600,GasA,5,1,5,1652,0,0,1652,1,1,2,0,2,1,4,5,0,1,4,Attchd,2008.0,3,2,482,3,3,2,162,53,0,153,0,0,0,0,,0,Nov,2008,New,Partial,392500
1189,1193,1-1/2 STORY FIN,RM,60.0,9600,Pave,Grvl,0,Lvl,3,Inside,0,OldTown,Norm,Norm,1Fam,1.5Fin,5,8,1925,1994,Gambrel,CompShg,VinylSd,VinylSd,None,0.0,3,3,PConc,3,3,1,1,0,1,0,702,702,GasA,4,1,5,842,630,0,1472,0,0,1,0,3,1,4,6,0,0,0,Detchd,1925.0,1,1,250,3,2,1,0,0,84,0,0,0,0,2,,0,July,2007,WD,Normal,125000
1190,1194,1-STORY PUD 1946+,RM,,4500,Pave,,0,Lvl,3,FR2,0,Mitchel,Norm,Norm,TwnhsE,1Story,6,5,1999,1999,Hip,CompShg,VinylSd,VinylSd,BrkFace,425.0,3,3,PConc,5,3,0,6,883,1,0,341,1224,GasA,5,1,5,1224,0,0,1224,1,0,2,0,2,1,3,5,0,0,0,Attchd,1999.0,3,2,402,3,3,2,0,304,0,0,0,0,0,0,,0,June,2009,WD,Normal,165000
1194,1198,2-1/2 STORY,RM,65.0,8850,Pave,,1,Bnk,3,Corner,0,OldTown,Norm,Norm,1Fam,2.5Unf,7,6,1916,1950,Gable,CompShg,MetalSd,MetalSd,None,0.0,3,3,BrkTil,3,3,0,1,0,1,0,815,815,GasA,5,1,5,815,875,0,1690,0,0,1,0,3,1,3,7,0,1,4,Detchd,1916.0,1,1,225,3,3,2,0,0,330,0,0,0,0,0,,0,July,2006,ConLw,Normal,144000
1199,1203,1-1/2 STORY FIN,RM,50.0,6000,Pave,,0,Lvl,3,Corner,0,BrkSide,Norm,Norm,1Fam,1.5Fin,5,8,1925,1997,Gable,CompShg,Wd Sdng,Wd Sdng,None,0.0,3,3,BrkTil,3,3,0,1,0,1,0,884,884,GasA,5,1,5,884,464,0,1348,1,0,1,0,3,1,3,5,0,1,2,Detchd,1960.0,1,1,216,3,3,0,0,0,208,0,0,0,0,0,,0,May,2009,WD,Normal,117000
1213,1217,DUPLEX,RM,68.0,8930,Pave,,0,Lvl,3,Inside,0,Sawyer,RRAe,Norm,Duplex,1.5Fin,6,5,1978,1978,Gable,CompShg,VinylSd,VinylSd,None,0.0,3,3,Slab,0,0,0,0,0,0,0,0,0,GasA,3,1,5,1318,584,0,1902,0,0,2,0,4,2,3,8,0,0,0,Attchd,1978.0,1,2,539,3,3,2,0,0,0,0,0,0,0,0,,0,Apr,2010,WD,Normal,112000
1215,1219,1-1/2 STORY FIN,RM,52.0,6240,Pave,,0,Lvl,3,Inside,0,BrkSide,Norm,Norm,1Fam,1.5Fin,4,5,1947,1950,Gable,CompShg,AsbShng,AsbShng,None,0.0,3,3,Slab,0,0,0,0,0,0,0,0,0,GasA,4,0,5,672,240,0,912,0,0,1,0,2,1,3,3,0,0,0,,1947.0,0,0,0,0,0,0,0,0,0,0,0,0,0,0,,0,July,2006,WD,Normal,80500
1216,1220,2-STORY PUD 1946+,RM,21.0,1680,Pave,,0,Lvl,3,Inside,0,BrDale,Norm,Norm,Twnhs,2Story,6,5,1971,1971,Gable,CompShg,CemntBd,CmentBd,BrkFace,236.0,3,3,CBlock,3,3,0,1,0,1,0,672,672,GasA,3,1,5,672,546,0,1218,0,0,1,1,3,1,3,7,0,0,0,,1971.0,0,0,0,0,0,0,201,0,0,0,0,0,0,0,,0,Apr,2006,WD,Abnorml,91500
1245,1249,2-1/2 STORY,RM,60.0,9600,Pave,Grvl,0,Lvl,3,Inside,0,OldTown,Norm,Norm,1Fam,2.5Unf,6,5,1917,1950,Gable,CompShg,AsbShng,AsbShng,None,0.0,3,3,BrkTil,4,3,0,3,319,1,0,416,735,OthW,2,0,5,1134,924,0,2058,0,0,1,1,3,1,3,8,0,1,4,Detchd,1950.0,1,2,396,2,2,1,0,0,259,0,0,0,0,0,,0,Apr,2008,WD,Normal,129500
1252,1256,1-1/2 STORY FIN,RM,52.0,6240,Pave,,0,Lvl,3,Inside,0,BrkSide,Norm,Norm,1Fam,1.5Fin,6,6,1931,1950,Gable,CompShg,Wd Sdng,Wd Sdng,None,0.0,3,3,BrkTil,3,2,0,2,425,1,0,459,884,GasA,3,1,4,959,408,0,1367,0,0,1,0,3,1,3,6,0,1,4,Detchd,1978.0,1,1,560,3,3,2,0,0,0,0,120,0,0,0,,0,Nov,2007,WD,Normal,127500
1263,1267,2 FAMILY CONVERSION,RM,60.0,10120,Pave,,1,Bnk,3,Inside,0,OldTown,Feedr,Norm,2fmCon,2.5Unf,7,4,1910,1950,Hip,CompShg,Wd Sdng,Wd Sdng,None,0.0,2,3,CBlock,3,3,0,1,0,1,0,925,925,GasA,3,0,3,964,925,0,1889,0,0,1,1,4,2,3,9,0,1,4,Detchd,1960.0,1,1,308,3,3,0,0,0,264,0,0,0,0,3,,0,Jan,2007,WD,Normal,122000
1282,1286,1-1/2 STORY FIN,RM,50.0,6000,Pave,,0,Lvl,3,Inside,0,BrkSide,Norm,Norm,1Fam,1.5Fin,6,6,1939,1950,Gable,CompShg,MetalSd,MetalSd,None,0.0,3,2,CBlock,3,3,0,1,0,1,0,780,780,GasA,5,1,3,825,587,0,1412,0,0,1,0,4,1,3,6,0,1,4,Detchd,1939.0,1,1,280,3,3,2,45,0,0,0,0,0,0,0,,0,May,2009,WD,Normal,132500
1288,1292,2-STORY PUD 1946+,RM,21.0,1680,Pave,,0,Lvl,3,Inside,0,BrDale,Norm,Norm,Twnhs,2Story,5,7,1972,1972,Gable,CompShg,CemntBd,CmentBd,BrkFace,268.0,3,3,CBlock,3,3,0,5,231,1,0,399,630,GasA,3,1,5,630,672,0,1302,0,0,2,1,3,1,3,6,0,0,0,Detchd,1972.0,1,1,264,3,3,2,185,0,0,0,0,0,0,0,,0,Feb,2009,WD,Normal,119500
1289,1293,2-STORY 1945-,RM,60.0,6600,Pave,,0,Lvl,3,Corner,0,OldTown,Norm,Norm,1Fam,2Story,5,4,1892,1965,Gable,CompShg,Wd Sdng,Wd Sdng,None,0.0,3,3,Stone,3,3,0,1,0,1,0,994,994,GasA,3,0,5,1378,994,0,2372,0,0,2,0,4,2,3,11,2,0,0,Attchd,1985.0,2,1,432,3,3,2,0,287,0,0,0,0,0,0,,0,Dec,2009,WD,Normal,107500
1294,1298,MULTILEVEL PUD,RM,35.0,3675,Pave,,0,Lvl,3,Inside,0,Edwards,Norm,Norm,TwnhsE,SFoyer,6,5,2005,2006,Gable,CompShg,VinylSd,VinylSd,BrkFace,82.0,3,3,PConc,4,3,3,6,547,1,0,0,547,GasA,4,1,5,1072,0,0,1072,1,0,2,0,2,1,3,5,0,0,0,Basment,2005.0,3,2,525,3,3,2,0,44,0,0,0,0,0,0,,0,June,2006,New,Partial,140000
1300,1305,2-STORY PUD 1946+,RM,32.0,3363,Pave,,0,Lvl,3,Inside,0,Edwards,Norm,Norm,TwnhsE,2Story,7,5,2004,2004,Gable,CompShg,VinylSd,VinylSd,Stone,117.0,4,3,PConc,4,3,0,1,0,1,0,976,976,GasA,5,1,5,976,732,0,1708,0,0,2,0,3,1,4,7,5,0,0,Detchd,2004.0,1,2,380,3,3,2,0,40,0,0,0,0,0,0,,0,Apr,2006,WD,Normal,130000
1304,1309,1-STORY 1946+,RM,100.0,12000,Pave,,0,Lvl,3,Inside,0,OldTown,Norm,Norm,1Fam,1Story,5,7,1948,2005,Gable,CompShg,MetalSd,MetalSd,None,0.0,3,3,CBlock,3,3,0,6,144,5,608,172,924,GasA,5,1,5,1122,0,0,1122,1,0,1,0,2,1,4,6,0,0,0,Attchd,1948.0,1,2,528,3,3,2,0,36,0,0,0,0,0,2,,0,May,2008,WD,Normal,147000
1321,1326,1-STORY 1945-,RM,40.0,3636,Pave,,0,Lvl,3,Inside,0,IDOTRR,Norm,Norm,1Fam,1Story,4,4,1922,1950,Gable,CompShg,AsbShng,AsbShng,None,0.0,3,3,BrkTil,3,2,0,1,0,1,0,796,796,GasA,2,0,5,796,0,0,796,0,0,1,0,2,1,3,5,0,0,0,,1922.0,0,0,0,0,0,0,0,0,100,0,0,0,0,3,,0,Jan,2008,WD,Normal,55000
1324,1329,1-1/2 STORY FIN,RM,60.0,10440,Pave,Grvl,0,Lvl,3,Corner,0,OldTown,Norm,Norm,1Fam,1.5Fin,6,7,1920,1950,Gable,CompShg,BrkFace,Wd Sdng,None,0.0,4,4,BrkTil,4,3,0,2,493,1,0,1017,1510,GasW,5,1,5,1584,1208,0,2792,0,0,2,0,5,1,3,8,3,2,3,Detchd,1920.0,1,2,520,2,3,2,0,547,0,0,480,0,0,3,Shed,1150,June,2008,WD,Normal,256000
1329,1334,1-1/2 STORY FIN,RM,60.0,7200,Pave,,0,Lvl,3,Corner,0,IDOTRR,Norm,Norm,1Fam,1.5Fin,5,6,1938,1995,Gable,CompShg,Wd Sdng,Wd Sdng,None,0.0,3,3,CBlock,3,3,0,1,0,1,0,803,803,GasA,5,1,5,803,557,0,1360,0,0,1,1,2,1,4,6,0,0,0,Detchd,1951.0,1,1,297,3,3,2,0,65,190,0,0,0,0,3,,0,July,2006,WD,Normal,125500
1330,1335,2-STORY PUD 1946+,RM,24.0,2368,Pave,,0,Lvl,3,Inside,0,BrDale,Norm,Norm,TwnhsE,2Story,5,6,1970,1970,Gable,CompShg,HdBoard,HdBoard,None,312.0,3,3,CBlock,3,3,0,2,765,1,0,0,765,GasA,3,1,5,765,600,0,1365,0,0,1,1,3,1,3,7,1,0,0,Attchd,1970.0,1,2,440,3,3,2,0,36,0,0,0,0,0,0,,0,May,2009,WD,Normal,125000
1333,1338,1-STORY 1945-,RM,153.0,4118,Pave,Grvl,1,Bnk,3,Corner,1,OldTown,Feedr,Norm,1Fam,1Story,4,4,1941,1950,Gable,CompShg,Wd Sdng,Wd Sdng,None,0.0,3,3,CBlock,3,3,0,1,0,1,0,693,693,Grav,2,0,4,693,0,0,693,0,0,1,0,2,1,2,4,0,0,0,,1941.0,0,0,0,0,0,0,0,20,0,0,0,0,0,0,,0,Mar,2006,WD,Normal,52500
1341,1346,1-STORY 1945-,RM,50.0,6000,Pave,,0,Lvl,3,Inside,0,OldTown,Norm,Norm,1Fam,1Story,4,4,1920,1950,Hip,CompShg,MetalSd,MetalSd,None,0.0,3,3,PConc,3,3,0,5,250,1,0,710,960,GasA,4,1,4,960,0,0,960,0,0,1,0,2,1,2,5,0,0,0,Detchd,1997.0,1,1,308,3,3,2,0,0,168,0,0,0,0,0,,0,July,2007,WD,Normal,108500
1345,1350,2-STORY 1945-,RM,50.0,5250,Pave,Pave,0,Lvl,3,Inside,0,OldTown,Norm,Norm,1Fam,2Story,8,5,1872,1987,Gable,CompShg,MetalSd,MetalSd,None,0.0,3,4,BrkTil,3,2,0,2,259,1,0,425,684,OthW,2,0,5,938,1215,205,2358,0,0,2,0,4,1,3,8,0,0,0,,1872.0,0,0,0,0,0,2,0,54,20,0,0,0,0,0,,0,Dec,2008,WD,Normal,122000
1348,1353,1-1/2 STORY FIN,RM,50.0,6000,Pave,,0,Lvl,3,Inside,0,BrkSide,Norm,Norm,1Fam,1.5Fin,6,9,1937,2000,Gable,CompShg,MetalSd,MetalSd,None,0.0,4,3,BrkTil,3,3,0,1,0,1,0,698,698,GasA,3,1,5,786,390,0,1176,0,0,1,0,2,1,3,4,0,0,0,Detchd,1999.0,1,2,624,3,3,0,210,0,0,0,0,0,0,0,,0,July,2009,WD,Normal,134900
1363,1368,2-STORY PUD 1946+,RM,41.0,2665,Pave,,0,Lvl,3,Inside,0,MeadowV,Norm,Norm,TwnhsE,2Story,5,6,1977,1977,Gable,CompShg,CemntBd,CmentBd,None,0.0,3,3,PConc,3,3,0,5,548,3,173,36,757,GasA,5,1,5,925,550,0,1475,0,0,2,0,4,1,3,6,0,1,3,Attchd,1977.0,2,1,336,3,3,2,104,26,0,0,0,0,0,0,,0,July,2006,WD,Normal,127000
1364,1369,1-STORY PUD 1946+,RM,,4435,Pave,,0,Lvl,3,Inside,0,CollgCr,Norm,Norm,TwnhsE,1Story,6,5,2003,2004,Gable,CompShg,VinylSd,VinylSd,BrkFace,170.0,4,3,PConc,4,3,2,6,685,1,0,163,848,GasA,5,1,5,848,0,0,848,1,0,1,0,1,1,4,4,0,0,0,Attchd,2003.0,3,2,420,3,3,2,140,0,0,0,0,0,0,0,,0,June,2009,WD,Normal,144000
1374,1379,2-STORY PUD 1946+,RM,21.0,1953,Pave,,0,Lvl,3,Inside,0,BrDale,Norm,Norm,Twnhs,2Story,6,5,1973,1973,Gable,CompShg,HdBoard,HdBoard,BrkFace,408.0,3,3,CBlock,3,2,0,4,309,1,0,174,483,GasA,3,1,5,483,504,0,987,0,0,1,1,2,1,3,5,0,0,0,Detchd,1973.0,1,1,264,3,3,2,72,0,0,0,0,0,0,0,,0,June,2006,WD,Normal,83000
1378,1383,2-STORY 1945-,RM,60.0,7200,Pave,,0,Lvl,3,Corner,0,OldTown,Norm,Norm,1Fam,2Story,7,7,1920,1950,Hip,CompShg,Wd Sdng,Wd Sdng,None,0.0,3,3,BrkTil,2,3,0,1,0,1,0,596,596,GasA,5,1,5,998,764,0,1762,1,0,1,1,4,1,4,8,0,0,0,Detchd,1989.0,1,2,576,3,3,0,36,0,221,0,0,0,0,0,,0,Oct,2006,WD,Normal,157000
1381,1386,1-1/2 STORY FIN,RM,40.0,5436,Pave,,0,Lvl,3,Inside,0,IDOTRR,Norm,Norm,1Fam,1.5Fin,4,8,1922,2007,Gable,CompShg,VinylSd,VinylSd,None,0.0,3,4,BrkTil,3,3,0,4,735,1,0,61,796,GasA,4,1,5,796,358,0,1154,1,0,1,0,3,1,4,7,0,0,0,Detchd,1922.0,1,1,240,3,3,0,0,96,0,0,0,0,0,3,,0,May,2010,WD,Normal,125500
1383,1388,1-1/2 STORY FIN,RM,60.0,8520,Pave,Grvl,0,Lvl,3,Inside,0,OldTown,Artery,Norm,1Fam,1.5Fin,6,7,1916,1950,Gable,CompShg,Stucco,Stucco,None,0.0,3,4,BrkTil,3,3,0,3,168,3,546,0,714,GasW,3,0,5,1664,862,0,2526,0,0,2,0,5,1,4,10,0,1,4,Detchd,1916.0,1,1,216,3,3,2,88,15,0,0,0,0,0,2,,0,Aug,2007,CWD,Family,136000
1385,1390,1-1/2 STORY FIN,RM,60.0,6000,Pave,,0,Lvl,3,Inside,0,BrkSide,Norm,Norm,1Fam,1.5Fin,6,6,1941,1950,Gable,CompShg,Wd Sdng,Wd Sdng,None,0.0,3,4,BrkTil,3,4,0,5,375,1,0,360,735,GasA,5,1,5,869,349,0,1218,0,1,1,0,3,1,3,6,0,1,4,Detchd,2003.0,1,2,440,3,3,2,0,0,0,0,0,0,0,0,,0,Mar,2007,WD,Normal,131000
1389,1394,2 FAMILY CONVERSION,RM,60.0,10800,Pave,Pave,0,Lvl,3,Inside,0,OldTown,Norm,Norm,2fmCon,1.5Fin,6,7,1905,2000,Gable,CompShg,Wd Sdng,Wd Sdng,None,0.0,3,3,BrkTil,2,3,0,1,0,1,0,482,482,GasA,5,0,5,1221,691,0,1912,0,0,2,0,3,2,3,7,0,1,3,Detchd,2003.0,1,2,672,4,3,2,0,25,212,0,0,0,0,0,,0,Apr,2008,WD,Normal,163000
1393,1398,2-STORY 1945-,RM,51.0,6120,Pave,,0,Lvl,3,Inside,0,BrkSide,Norm,Norm,1Fam,2Story,5,8,1920,2004,Gable,CompShg,MetalSd,MetalSd,None,0.0,3,3,BrkTil,3,3,1,1,0,1,0,939,939,GasA,5,1,5,939,574,0,1513,0,0,1,1,4,1,3,8,0,0,0,Detchd,1933.0,1,1,180,2,2,0,24,0,150,0,0,0,0,0,,0,May,2007,WD,Normal,137500
1396,1401,1-1/2 STORY FIN,RM,50.0,6000,Pave,,0,Lvl,3,Corner,0,BrkSide,Norm,Norm,1Fam,1.5Fin,6,7,1929,1950,Gable,CompShg,WdShing,WdShing,None,0.0,3,3,BrkTil,3,3,0,1,0,1,0,862,862,GasA,3,1,5,950,208,0,1158,0,0,1,0,3,1,3,5,0,1,4,BuiltIn,1929.0,2,1,208,3,3,2,0,0,112,0,0,0,0,0,,0,July,2008,WD,Normal,120000
1401,1406,1-STORY PUD 1946+,RM,44.0,3842,Pave,,1,HLS,3,Inside,1,Crawfor,Norm,Norm,TwnhsE,1Story,8,5,2004,2005,Hip,CompShg,CemntBd,CmentBd,Stone,174.0,4,3,PConc,5,3,3,6,1373,1,0,221,1594,GasA,5,1,5,1646,0,0,1646,1,1,2,0,2,1,4,5,0,1,4,Attchd,2004.0,3,2,482,3,3,2,128,53,0,0,155,0,0,0,,0,Jan,2008,WD,Normal,275000
1404,1409,2-STORY 1945-,RM,60.0,7740,Pave,,0,Lvl,3,Inside,0,OldTown,Norm,Norm,1Fam,2Story,4,7,1910,1950,Gable,CompShg,VinylSd,VinylSd,None,0.0,3,3,CBlock,2,3,0,1,0,1,0,622,622,GasA,4,1,5,741,622,0,1363,0,0,1,0,3,1,3,6,0,0,0,Detchd,1966.0,1,2,528,3,3,2,0,0,0,0,168,0,0,0,,0,June,2010,WD,Normal,125500
1412,1417,2 FAMILY CONVERSION,RM,60.0,11340,Pave,,0,Lvl,3,Inside,0,OldTown,Norm,Norm,2fmCon,2Story,4,6,1885,1950,Gable,CompShg,VinylSd,AsbShng,None,0.0,3,3,PConc,3,3,0,1,0,1,0,777,777,GasA,4,1,5,1246,1044,0,2290,0,0,2,0,4,2,3,11,0,0,0,Detchd,1971.0,1,2,560,3,3,0,0,0,114,0,0,0,0,0,,0,Apr,2010,WD,Normal,122500
1418,1423,1-STORY PUD 1946+,RM,37.0,4435,Pave,,0,Lvl,3,Inside,0,CollgCr,Norm,Norm,TwnhsE,1Story,6,5,2003,2003,Gable,CompShg,VinylSd,VinylSd,BrkFace,170.0,4,3,PConc,4,3,2,6,686,1,0,162,848,GasA,5,1,5,848,0,0,848,1,0,1,0,1,1,4,3,0,0,0,Attchd,2003.0,3,2,420,3,3,2,140,0,0,0,0,0,0,0,,0,Mar,2008,WD,Normal,136500
1424,1429,1-STORY 1945-,RM,60.0,7200,Pave,,0,Lvl,3,Corner,0,OldTown,Norm,Norm,1Fam,1Story,5,7,1940,1992,Gable,CompShg,MetalSd,MetalSd,Stone,294.0,3,4,CBlock,3,3,0,4,510,1,0,278,788,GasA,3,1,5,804,0,0,804,1,0,1,0,2,1,4,4,0,2,4,Attchd,1940.0,1,1,240,3,3,2,0,0,154,0,0,0,0,3,,0,Feb,2010,WD,Abnorml,119000
1434,1439,1-STORY 1946+,RM,90.0,7407,Pave,,0,Lvl,3,Inside,0,OldTown,Artery,Norm,1Fam,1Story,6,7,1957,1996,Gable,CompShg,MetalSd,MetalSd,None,0.0,3,3,CBlock,3,3,0,6,600,1,0,312,912,GasA,3,1,4,1236,0,0,1236,1,0,1,0,2,1,3,6,0,0,0,Attchd,1957.0,1,2,923,3,3,2,0,158,158,0,0,0,0,3,,0,Apr,2010,WD,Normal,149700
1437,1442,1-STORY PUD 1946+,RM,,4426,Pave,,0,Lvl,3,Inside,0,CollgCr,Norm,Norm,TwnhsE,1Story,6,5,2004,2004,Gable,CompShg,VinylSd,VinylSd,BrkFace,147.0,4,3,PConc,4,3,2,6,697,1,0,151,848,GasA,5,1,5,848,0,0,848,1,0,1,0,1,1,4,3,0,1,3,Attchd,2004.0,2,2,420,3,3,2,149,0,0,0,0,0,0,0,,0,May,2008,WD,Normal,149300
1445,1450,MULTILEVEL PUD,RM,21.0,1533,Pave,,0,Lvl,3,Inside,0,MeadowV,Norm,Norm,Twnhs,SFoyer,5,7,1970,1970,Gable,CompShg,CemntBd,CmentBd,None,0.0,3,3,CBlock,4,3,2,6,553,1,0,77,630,GasA,5,1,5,630,0,0,630,1,0,1,0,1,1,5,3,0,0,0,,1970.0,0,0,0,0,0,2,0,0,0,0,0,0,0,0,,0,Aug,2006,WD,Abnorml,92000
1448,1453,MULTILEVEL PUD,RM,35.0,3675,Pave,,0,Lvl,3,Inside,0,Edwards,Norm,Norm,TwnhsE,SLvl,5,5,2005,2005,Gable,CompShg,VinylSd,VinylSd,BrkFace,80.0,3,3,PConc,4,3,3,6,547,1,0,0,547,GasA,4,1,5,1072,0,0,1072,1,0,1,0,2,1,3,5,0,0,0,Basment,2005.0,3,2,525,3,3,2,0,28,0,0,0,0,0,0,,0,May,2006,WD,Normal,145000
